,timestamp,subject,excercise,datatype,X,Y,Z
1,0.01,test_calibration,cal1,vicon,,,
2,0.02,test_calibration,cal1,vicon,,,
3,0.03,test_calibration,cal1,vicon,,,
4,0.04,test_calibration,cal1,vicon,,,
5,0.05,test_calibration,cal1,vicon,,,
6,0.06,test_calibration,cal1,vicon,,,
7,0.07,test_calibration,cal1,vicon,,,
8,0.08,test_calibration,cal1,vicon,,,
9,0.09,test_calibration,cal1,vicon,,,
10,0.1,test_calibration,cal1,vicon,,,
11,0.11,test_calibration,cal1,vicon,,,
12,0.12,test_calibration,cal1,vicon,,,
13,0.13,test_calibration,cal1,vicon,,,
14,0.14,test_calibration,cal1,vicon,,,
15,0.15,test_calibration,cal1,vicon,,,
16,0.16,test_calibration,cal1,vicon,,,
17,0.17,test_calibration,cal1,vicon,,,
18,0.18,test_calibration,cal1,vicon,,,
19,0.19,test_calibration,cal1,vicon,,,
20,0.2,test_calibration,cal1,vicon,,,
21,0.21,test_calibration,cal1,vicon,,,
22,0.22,test_calibration,cal1,vicon,,,
23,0.23,test_calibration,cal1,vicon,,,
24,0.24,test_calibration,cal1,vicon,,,
25,0.25,test_calibration,cal1,vicon,,,
26,0.26,test_calibration,cal1,vicon,,,
27,0.27,test_calibration,cal1,vicon,,,
28,0.28,test_calibration,cal1,vicon,,,
29,0.29,test_calibration,cal1,vicon,,,
30,0.3,test_calibration,cal1,vicon,,,
31,0.31,test_calibration,cal1,vicon,,,
32,0.32,test_calibration,cal1,vicon,,,
33,0.33,test_calibration,cal1,vicon,,,
34,0.34,test_calibration,cal1,vicon,,,
35,0.35,test_calibration,cal1,vicon,,,
36,0.36,test_calibration,cal1,vicon,,,
37,0.37,test_calibration,cal1,vicon,,,
38,0.38,test_calibration,cal1,vicon,,,
39,0.39,test_calibration,cal1,vicon,,,
40,0.4,test_calibration,cal1,vicon,,,
41,0.41,test_calibration,cal1,vicon,,,
42,0.42,test_calibration,cal1,vicon,,,
43,0.43,test_calibration,cal1,vicon,,,
44,0.44,test_calibration,cal1,vicon,,,
45,0.45,test_calibration,cal1,vicon,,,
46,0.46,test_calibration,cal1,vicon,,,
47,0.47,test_calibration,cal1,vicon,,,
48,0.48,test_calibration,cal1,vicon,,,
49,0.49,test_calibration,cal1,vicon,,,
50,0.5,test_calibration,cal1,vicon,,,
51,0.51,test_calibration,cal1,vicon,,,
52,0.52,test_calibration,cal1,vicon,,,
53,0.53,test_calibration,cal1,vicon,,,
54,0.54,test_calibration,cal1,vicon,,,
55,0.55,test_calibration,cal1,vicon,,,
56,0.56,test_calibration,cal1,vicon,,,
57,0.57,test_calibration,cal1,vicon,,,
58,0.58,test_calibration,cal1,vicon,,,
59,0.59,test_calibration,cal1,vicon,,,
60,0.6,test_calibration,cal1,vicon,,,
61,0.61,test_calibration,cal1,vicon,,,
62,0.62,test_calibration,cal1,vicon,,,
63,0.63,test_calibration,cal1,vicon,,,
64,0.64,test_calibration,cal1,vicon,,,
65,0.65,test_calibration,cal1,vicon,,,
66,0.66,test_calibration,cal1,vicon,,,
67,0.67,test_calibration,cal1,vicon,,,
68,0.68,test_calibration,cal1,vicon,,,
69,0.69,test_calibration,cal1,vicon,,,
70,0.7,test_calibration,cal1,vicon,,,
71,0.71,test_calibration,cal1,vicon,,,
72,0.72,test_calibration,cal1,vicon,,,
73,0.73,test_calibration,cal1,vicon,,,
74,0.74,test_calibration,cal1,vicon,,,
75,0.75,test_calibration,cal1,vicon,,,
76,0.76,test_calibration,cal1,vicon,,,
77,0.77,test_calibration,cal1,vicon,,,
78,0.78,test_calibration,cal1,vicon,,,
79,0.79,test_calibration,cal1,vicon,,,
80,0.8,test_calibration,cal1,vicon,,,
81,0.81,test_calibration,cal1,vicon,,,
82,0.82,test_calibration,cal1,vicon,,,
83,0.83,test_calibration,cal1,vicon,,,
84,0.84,test_calibration,cal1,vicon,,,
85,0.85,test_calibration,cal1,vicon,,,
86,0.86,test_calibration,cal1,vicon,,,
87,0.87,test_calibration,cal1,vicon,,,
88,0.88,test_calibration,cal1,vicon,,,
89,0.89,test_calibration,cal1,vicon,,,
90,0.9,test_calibration,cal1,vicon,,,
91,0.91,test_calibration,cal1,vicon,,,
92,0.92,test_calibration,cal1,vicon,,,
93,0.93,test_calibration,cal1,vicon,,,
94,0.94,test_calibration,cal1,vicon,,,
95,0.95,test_calibration,cal1,vicon,,,
96,0.96,test_calibration,cal1,vicon,,,
97,0.97,test_calibration,cal1,vicon,,,
98,0.98,test_calibration,cal1,vicon,,,
99,0.99,test_calibration,cal1,vicon,,,
100,1.0,test_calibration,cal1,vicon,,,
101,1.01,test_calibration,cal1,vicon,,,
102,1.02,test_calibration,cal1,vicon,,,
103,1.03,test_calibration,cal1,vicon,,,
104,1.04,test_calibration,cal1,vicon,,,
105,1.05,test_calibration,cal1,vicon,,,
106,1.06,test_calibration,cal1,vicon,,,
107,1.07,test_calibration,cal1,vicon,,,
108,1.08,test_calibration,cal1,vicon,,,
109,1.09,test_calibration,cal1,vicon,,,
110,1.1,test_calibration,cal1,vicon,,,
111,1.11,test_calibration,cal1,vicon,,,
112,1.12,test_calibration,cal1,vicon,,,
113,1.13,test_calibration,cal1,vicon,,,
114,1.14,test_calibration,cal1,vicon,,,
115,1.15,test_calibration,cal1,vicon,,,
116,1.16,test_calibration,cal1,vicon,,,
117,1.17,test_calibration,cal1,vicon,,,
118,1.18,test_calibration,cal1,vicon,,,
119,1.19,test_calibration,cal1,vicon,,,
120,1.2,test_calibration,cal1,vicon,,,
121,1.21,test_calibration,cal1,vicon,,,
122,1.22,test_calibration,cal1,vicon,,,
123,1.23,test_calibration,cal1,vicon,,,
124,1.24,test_calibration,cal1,vicon,,,
125,1.25,test_calibration,cal1,vicon,,,
126,1.26,test_calibration,cal1,vicon,,,
127,1.27,test_calibration,cal1,vicon,,,
128,1.28,test_calibration,cal1,vicon,,,
129,1.29,test_calibration,cal1,vicon,,,
130,1.3,test_calibration,cal1,vicon,,,
131,1.31,test_calibration,cal1,vicon,,,
132,1.32,test_calibration,cal1,vicon,,,
133,1.33,test_calibration,cal1,vicon,,,
134,1.34,test_calibration,cal1,vicon,,,
135,1.35,test_calibration,cal1,vicon,,,
136,1.36,test_calibration,cal1,vicon,,,
137,1.37,test_calibration,cal1,vicon,,,
138,1.38,test_calibration,cal1,vicon,,,
139,1.39,test_calibration,cal1,vicon,,,
140,1.4,test_calibration,cal1,vicon,,,
141,1.41,test_calibration,cal1,vicon,,,
142,1.42,test_calibration,cal1,vicon,,,
143,1.43,test_calibration,cal1,vicon,,,
144,1.44,test_calibration,cal1,vicon,,,
145,1.45,test_calibration,cal1,vicon,,,
146,1.46,test_calibration,cal1,vicon,,,
147,1.47,test_calibration,cal1,vicon,,,
148,1.48,test_calibration,cal1,vicon,,,
149,1.49,test_calibration,cal1,vicon,,,
150,1.5,test_calibration,cal1,vicon,,,
151,1.51,test_calibration,cal1,vicon,,,
152,1.52,test_calibration,cal1,vicon,,,
153,1.53,test_calibration,cal1,vicon,,,
154,1.54,test_calibration,cal1,vicon,,,
155,1.55,test_calibration,cal1,vicon,,,
156,1.56,test_calibration,cal1,vicon,,,
157,1.57,test_calibration,cal1,vicon,,,
158,1.58,test_calibration,cal1,vicon,,,
159,1.59,test_calibration,cal1,vicon,,,
160,1.6,test_calibration,cal1,vicon,,,
161,1.61,test_calibration,cal1,vicon,,,
162,1.62,test_calibration,cal1,vicon,,,
163,1.63,test_calibration,cal1,vicon,,,
164,1.64,test_calibration,cal1,vicon,,,
165,1.65,test_calibration,cal1,vicon,,,
166,1.66,test_calibration,cal1,vicon,,,
167,1.67,test_calibration,cal1,vicon,,,
168,1.68,test_calibration,cal1,vicon,,,
169,1.69,test_calibration,cal1,vicon,,,
170,1.7,test_calibration,cal1,vicon,,,
171,1.71,test_calibration,cal1,vicon,,,
172,1.72,test_calibration,cal1,vicon,,,
173,1.73,test_calibration,cal1,vicon,,,
174,1.74,test_calibration,cal1,vicon,,,
175,1.75,test_calibration,cal1,vicon,,,
176,1.76,test_calibration,cal1,vicon,,,
177,1.77,test_calibration,cal1,vicon,,,
178,1.78,test_calibration,cal1,vicon,,,
179,1.79,test_calibration,cal1,vicon,,,
180,1.8,test_calibration,cal1,vicon,,,
181,1.81,test_calibration,cal1,vicon,,,
182,1.82,test_calibration,cal1,vicon,,,
183,1.83,test_calibration,cal1,vicon,,,
184,1.84,test_calibration,cal1,vicon,,,
185,1.85,test_calibration,cal1,vicon,,,
186,1.86,test_calibration,cal1,vicon,,,
187,1.87,test_calibration,cal1,vicon,,,
188,1.88,test_calibration,cal1,vicon,,,
189,1.89,test_calibration,cal1,vicon,,,
190,1.9,test_calibration,cal1,vicon,,,
191,1.91,test_calibration,cal1,vicon,,,
192,1.92,test_calibration,cal1,vicon,,,
193,1.93,test_calibration,cal1,vicon,,,
194,1.94,test_calibration,cal1,vicon,,,
195,1.95,test_calibration,cal1,vicon,,,
196,1.96,test_calibration,cal1,vicon,,,
197,1.97,test_calibration,cal1,vicon,,,
198,1.98,test_calibration,cal1,vicon,,,
199,1.99,test_calibration,cal1,vicon,,,
200,2.0,test_calibration,cal1,vicon,,,
201,2.01,test_calibration,cal1,vicon,,,
202,2.02,test_calibration,cal1,vicon,,,
203,2.03,test_calibration,cal1,vicon,,,
204,2.04,test_calibration,cal1,vicon,,,
205,2.05,test_calibration,cal1,vicon,,,
206,2.06,test_calibration,cal1,vicon,,,
207,2.07,test_calibration,cal1,vicon,,,
208,2.08,test_calibration,cal1,vicon,,,
209,2.09,test_calibration,cal1,vicon,,,
210,2.1,test_calibration,cal1,vicon,,,
211,2.11,test_calibration,cal1,vicon,,,
212,2.12,test_calibration,cal1,vicon,,,
213,2.13,test_calibration,cal1,vicon,,,
214,2.14,test_calibration,cal1,vicon,,,
215,2.15,test_calibration,cal1,vicon,,,
216,2.16,test_calibration,cal1,vicon,,,
217,2.17,test_calibration,cal1,vicon,,,
218,2.18,test_calibration,cal1,vicon,,,
219,2.19,test_calibration,cal1,vicon,,,
220,2.2,test_calibration,cal1,vicon,,,
221,2.21,test_calibration,cal1,vicon,,,
222,2.22,test_calibration,cal1,vicon,,,
223,2.23,test_calibration,cal1,vicon,,,
224,2.24,test_calibration,cal1,vicon,,,
225,2.25,test_calibration,cal1,vicon,,,
226,2.26,test_calibration,cal1,vicon,,,
227,2.27,test_calibration,cal1,vicon,,,
228,2.28,test_calibration,cal1,vicon,,,
229,2.29,test_calibration,cal1,vicon,,,
230,2.3,test_calibration,cal1,vicon,,,
231,2.31,test_calibration,cal1,vicon,,,
232,2.32,test_calibration,cal1,vicon,,,
233,2.33,test_calibration,cal1,vicon,,,
234,2.34,test_calibration,cal1,vicon,,,
235,2.35,test_calibration,cal1,vicon,,,
236,2.36,test_calibration,cal1,vicon,,,
237,2.37,test_calibration,cal1,vicon,,,
238,2.38,test_calibration,cal1,vicon,,,
239,2.39,test_calibration,cal1,vicon,,,
240,2.4,test_calibration,cal1,vicon,,,
241,2.41,test_calibration,cal1,vicon,,,
242,2.42,test_calibration,cal1,vicon,,,
243,2.43,test_calibration,cal1,vicon,,,
244,2.44,test_calibration,cal1,vicon,,,
245,2.45,test_calibration,cal1,vicon,,,
246,2.46,test_calibration,cal1,vicon,,,
247,2.47,test_calibration,cal1,vicon,,,
248,2.48,test_calibration,cal1,vicon,,,
249,2.49,test_calibration,cal1,vicon,,,
250,2.5,test_calibration,cal1,vicon,,,
251,2.51,test_calibration,cal1,vicon,,,
252,2.52,test_calibration,cal1,vicon,,,
253,2.53,test_calibration,cal1,vicon,,,
254,2.54,test_calibration,cal1,vicon,,,
255,2.55,test_calibration,cal1,vicon,,,
256,2.56,test_calibration,cal1,vicon,,,
257,2.57,test_calibration,cal1,vicon,,,
258,2.58,test_calibration,cal1,vicon,,,
259,2.59,test_calibration,cal1,vicon,,,
260,2.6,test_calibration,cal1,vicon,,,
261,2.61,test_calibration,cal1,vicon,,,
262,2.62,test_calibration,cal1,vicon,,,
263,2.63,test_calibration,cal1,vicon,,,
264,2.64,test_calibration,cal1,vicon,,,
265,2.65,test_calibration,cal1,vicon,,,
266,2.66,test_calibration,cal1,vicon,,,
267,2.67,test_calibration,cal1,vicon,,,
268,2.68,test_calibration,cal1,vicon,,,
269,2.69,test_calibration,cal1,vicon,,,
270,2.7,test_calibration,cal1,vicon,,,
271,2.71,test_calibration,cal1,vicon,,,
272,2.72,test_calibration,cal1,vicon,,,
273,2.73,test_calibration,cal1,vicon,,,
274,2.74,test_calibration,cal1,vicon,,,
275,2.75,test_calibration,cal1,vicon,,,
276,2.76,test_calibration,cal1,vicon,,,
277,2.77,test_calibration,cal1,vicon,,,
278,2.78,test_calibration,cal1,vicon,,,
279,2.79,test_calibration,cal1,vicon,,,
280,2.8,test_calibration,cal1,vicon,,,
281,2.81,test_calibration,cal1,vicon,,,
282,2.82,test_calibration,cal1,vicon,,,
283,2.83,test_calibration,cal1,vicon,,,
284,2.84,test_calibration,cal1,vicon,,,
285,2.85,test_calibration,cal1,vicon,,,
286,2.86,test_calibration,cal1,vicon,,,
287,2.87,test_calibration,cal1,vicon,,,
288,2.88,test_calibration,cal1,vicon,,,
289,2.89,test_calibration,cal1,vicon,,,
290,2.9,test_calibration,cal1,vicon,,,
291,2.91,test_calibration,cal1,vicon,,,
292,2.92,test_calibration,cal1,vicon,,,
293,2.93,test_calibration,cal1,vicon,,,
294,2.94,test_calibration,cal1,vicon,,,
295,2.95,test_calibration,cal1,vicon,,,
296,2.96,test_calibration,cal1,vicon,,,
297,2.97,test_calibration,cal1,vicon,,,
298,2.98,test_calibration,cal1,vicon,,,
299,2.99,test_calibration,cal1,vicon,,,
300,3.0,test_calibration,cal1,vicon,,,
301,3.01,test_calibration,cal1,vicon,,,
302,3.02,test_calibration,cal1,vicon,,,
303,3.03,test_calibration,cal1,vicon,,,
304,3.04,test_calibration,cal1,vicon,,,
305,3.05,test_calibration,cal1,vicon,,,
306,3.06,test_calibration,cal1,vicon,,,
307,3.07,test_calibration,cal1,vicon,,,
308,3.08,test_calibration,cal1,vicon,,,
309,3.09,test_calibration,cal1,vicon,,,
310,3.1,test_calibration,cal1,vicon,,,
311,3.11,test_calibration,cal1,vicon,,,
312,3.12,test_calibration,cal1,vicon,,,
313,3.13,test_calibration,cal1,vicon,,,
314,3.14,test_calibration,cal1,vicon,,,
315,3.15,test_calibration,cal1,vicon,,,
316,3.16,test_calibration,cal1,vicon,,,
317,3.17,test_calibration,cal1,vicon,,,
318,3.18,test_calibration,cal1,vicon,,,
319,3.19,test_calibration,cal1,vicon,,,
320,3.2,test_calibration,cal1,vicon,,,
321,3.21,test_calibration,cal1,vicon,,,
322,3.22,test_calibration,cal1,vicon,,,
323,3.23,test_calibration,cal1,vicon,,,
324,3.24,test_calibration,cal1,vicon,,,
325,3.25,test_calibration,cal1,vicon,,,
326,3.26,test_calibration,cal1,vicon,,,
327,3.27,test_calibration,cal1,vicon,,,
328,3.28,test_calibration,cal1,vicon,,,
329,3.29,test_calibration,cal1,vicon,,,
330,3.3,test_calibration,cal1,vicon,,,
331,3.31,test_calibration,cal1,vicon,,,
332,3.32,test_calibration,cal1,vicon,,,
333,3.33,test_calibration,cal1,vicon,,,
334,3.34,test_calibration,cal1,vicon,,,
335,3.35,test_calibration,cal1,vicon,,,
336,3.36,test_calibration,cal1,vicon,,,
337,3.37,test_calibration,cal1,vicon,,,
338,3.38,test_calibration,cal1,vicon,,,
339,3.39,test_calibration,cal1,vicon,,,
340,3.4,test_calibration,cal1,vicon,,,
341,3.41,test_calibration,cal1,vicon,,,
342,3.42,test_calibration,cal1,vicon,,,
343,3.43,test_calibration,cal1,vicon,,,
344,3.44,test_calibration,cal1,vicon,,,
345,3.45,test_calibration,cal1,vicon,,,
346,3.46,test_calibration,cal1,vicon,,,
347,3.47,test_calibration,cal1,vicon,,,
348,3.48,test_calibration,cal1,vicon,,,
349,3.49,test_calibration,cal1,vicon,,,
350,3.5,test_calibration,cal1,vicon,,,
351,3.51,test_calibration,cal1,vicon,,,
352,3.52,test_calibration,cal1,vicon,,,
353,3.53,test_calibration,cal1,vicon,,,
354,3.54,test_calibration,cal1,vicon,,,
355,3.55,test_calibration,cal1,vicon,,,
356,3.56,test_calibration,cal1,vicon,,,
357,3.57,test_calibration,cal1,vicon,,,
358,3.58,test_calibration,cal1,vicon,,,
359,3.59,test_calibration,cal1,vicon,,,
360,3.6,test_calibration,cal1,vicon,,,
361,3.61,test_calibration,cal1,vicon,,,
362,3.62,test_calibration,cal1,vicon,,,
363,3.63,test_calibration,cal1,vicon,,,
364,3.64,test_calibration,cal1,vicon,,,
365,3.65,test_calibration,cal1,vicon,,,
366,3.66,test_calibration,cal1,vicon,,,
367,3.67,test_calibration,cal1,vicon,,,
368,3.68,test_calibration,cal1,vicon,,,
369,3.69,test_calibration,cal1,vicon,,,
370,3.7,test_calibration,cal1,vicon,,,
371,3.71,test_calibration,cal1,vicon,,,
372,3.72,test_calibration,cal1,vicon,,,
373,3.73,test_calibration,cal1,vicon,,,
374,3.74,test_calibration,cal1,vicon,,,
375,3.75,test_calibration,cal1,vicon,,,
376,3.76,test_calibration,cal1,vicon,,,
377,3.77,test_calibration,cal1,vicon,,,
378,3.78,test_calibration,cal1,vicon,,,
379,3.79,test_calibration,cal1,vicon,,,
380,3.8,test_calibration,cal1,vicon,,,
381,3.81,test_calibration,cal1,vicon,,,
382,3.82,test_calibration,cal1,vicon,,,
383,3.83,test_calibration,cal1,vicon,,,
384,3.84,test_calibration,cal1,vicon,,,
385,3.85,test_calibration,cal1,vicon,,,
386,3.86,test_calibration,cal1,vicon,,,
387,3.87,test_calibration,cal1,vicon,,,
388,3.88,test_calibration,cal1,vicon,,,
389,3.89,test_calibration,cal1,vicon,,,
390,3.9,test_calibration,cal1,vicon,,,
391,3.91,test_calibration,cal1,vicon,,,
392,3.92,test_calibration,cal1,vicon,,,
393,3.93,test_calibration,cal1,vicon,,,
394,3.94,test_calibration,cal1,vicon,,,
395,3.95,test_calibration,cal1,vicon,,,
396,3.96,test_calibration,cal1,vicon,,,
397,3.97,test_calibration,cal1,vicon,,,
398,3.98,test_calibration,cal1,vicon,,,
399,3.99,test_calibration,cal1,vicon,,,
400,4.0,test_calibration,cal1,vicon,,,
401,4.01,test_calibration,cal1,vicon,,,
402,4.02,test_calibration,cal1,vicon,,,
403,4.03,test_calibration,cal1,vicon,,,
404,4.04,test_calibration,cal1,vicon,,,
405,4.05,test_calibration,cal1,vicon,,,
406,4.06,test_calibration,cal1,vicon,,,
407,4.07,test_calibration,cal1,vicon,,,
408,4.08,test_calibration,cal1,vicon,,,
409,4.09,test_calibration,cal1,vicon,,,
410,4.1,test_calibration,cal1,vicon,,,
411,4.11,test_calibration,cal1,vicon,,,
412,4.12,test_calibration,cal1,vicon,,,
413,4.13,test_calibration,cal1,vicon,,,
414,4.14,test_calibration,cal1,vicon,,,
415,4.15,test_calibration,cal1,vicon,,,
416,4.16,test_calibration,cal1,vicon,,,
417,4.17,test_calibration,cal1,vicon,,,
418,4.18,test_calibration,cal1,vicon,,,
419,4.19,test_calibration,cal1,vicon,,,
420,4.2,test_calibration,cal1,vicon,,,
421,4.21,test_calibration,cal1,vicon,,,
422,4.22,test_calibration,cal1,vicon,,,
423,4.23,test_calibration,cal1,vicon,,,
424,4.24,test_calibration,cal1,vicon,,,
425,4.25,test_calibration,cal1,vicon,,,
426,4.26,test_calibration,cal1,vicon,,,
427,4.27,test_calibration,cal1,vicon,,,
428,4.28,test_calibration,cal1,vicon,,,
429,4.29,test_calibration,cal1,vicon,,,
430,4.3,test_calibration,cal1,vicon,,,
431,4.31,test_calibration,cal1,vicon,,,
432,4.32,test_calibration,cal1,vicon,,,
433,4.33,test_calibration,cal1,vicon,,,
434,4.34,test_calibration,cal1,vicon,,,
435,4.35,test_calibration,cal1,vicon,,,
436,4.36,test_calibration,cal1,vicon,,,
437,4.37,test_calibration,cal1,vicon,,,
438,4.38,test_calibration,cal1,vicon,,,
439,4.39,test_calibration,cal1,vicon,,,
440,4.4,test_calibration,cal1,vicon,,,
441,4.41,test_calibration,cal1,vicon,,,
442,4.42,test_calibration,cal1,vicon,,,
443,4.43,test_calibration,cal1,vicon,,,
444,4.44,test_calibration,cal1,vicon,,,
445,4.45,test_calibration,cal1,vicon,,,
446,4.46,test_calibration,cal1,vicon,,,
447,4.47,test_calibration,cal1,vicon,,,
448,4.48,test_calibration,cal1,vicon,,,
449,4.49,test_calibration,cal1,vicon,,,
450,4.5,test_calibration,cal1,vicon,,,
451,4.51,test_calibration,cal1,vicon,,,
452,4.52,test_calibration,cal1,vicon,,,
453,4.53,test_calibration,cal1,vicon,,,
454,4.54,test_calibration,cal1,vicon,,,
455,4.55,test_calibration,cal1,vicon,,,
456,4.56,test_calibration,cal1,vicon,,,
457,4.57,test_calibration,cal1,vicon,,,
458,4.58,test_calibration,cal1,vicon,,,
459,4.59,test_calibration,cal1,vicon,,,
460,4.6,test_calibration,cal1,vicon,,,
461,4.61,test_calibration,cal1,vicon,,,
462,4.62,test_calibration,cal1,vicon,,,
463,4.63,test_calibration,cal1,vicon,,,
464,4.64,test_calibration,cal1,vicon,,,
465,4.65,test_calibration,cal1,vicon,,,
466,4.66,test_calibration,cal1,vicon,,,
467,4.67,test_calibration,cal1,vicon,,,
468,4.68,test_calibration,cal1,vicon,,,
469,4.69,test_calibration,cal1,vicon,,,
470,4.7,test_calibration,cal1,vicon,,,
471,4.71,test_calibration,cal1,vicon,,,
472,4.72,test_calibration,cal1,vicon,,,
473,4.73,test_calibration,cal1,vicon,,,
474,4.74,test_calibration,cal1,vicon,,,
475,4.75,test_calibration,cal1,vicon,,,
476,4.76,test_calibration,cal1,vicon,,,
477,4.77,test_calibration,cal1,vicon,,,
478,4.78,test_calibration,cal1,vicon,,,
479,4.79,test_calibration,cal1,vicon,,,
480,4.8,test_calibration,cal1,vicon,,,
481,4.81,test_calibration,cal1,vicon,,,
482,4.82,test_calibration,cal1,vicon,,,
483,4.83,test_calibration,cal1,vicon,,,
484,4.84,test_calibration,cal1,vicon,,,
485,4.85,test_calibration,cal1,vicon,,,
486,4.86,test_calibration,cal1,vicon,,,
487,4.87,test_calibration,cal1,vicon,,,
488,4.88,test_calibration,cal1,vicon,,,
489,4.89,test_calibration,cal1,vicon,,,
490,4.9,test_calibration,cal1,vicon,,,
491,4.91,test_calibration,cal1,vicon,,,
492,4.92,test_calibration,cal1,vicon,,,
493,4.93,test_calibration,cal1,vicon,,,
494,4.94,test_calibration,cal1,vicon,,,
495,4.95,test_calibration,cal1,vicon,,,
496,4.96,test_calibration,cal1,vicon,,,
497,4.97,test_calibration,cal1,vicon,,,
498,4.98,test_calibration,cal1,vicon,,,
499,4.99,test_calibration,cal1,vicon,,,
500,5.0,test_calibration,cal1,vicon,,,
501,5.01,test_calibration,cal1,vicon,,,
502,5.02,test_calibration,cal1,vicon,,,
503,5.03,test_calibration,cal1,vicon,,,
504,5.04,test_calibration,cal1,vicon,,,
505,5.05,test_calibration,cal1,vicon,,,
506,5.06,test_calibration,cal1,vicon,,,
507,5.07,test_calibration,cal1,vicon,,,
508,5.08,test_calibration,cal1,vicon,,,
509,5.09,test_calibration,cal1,vicon,,,
510,5.1,test_calibration,cal1,vicon,,,
511,5.11,test_calibration,cal1,vicon,,,
512,5.12,test_calibration,cal1,vicon,,,
513,5.13,test_calibration,cal1,vicon,,,
514,5.14,test_calibration,cal1,vicon,,,
515,5.15,test_calibration,cal1,vicon,,,
516,5.16,test_calibration,cal1,vicon,,,
517,5.17,test_calibration,cal1,vicon,,,
518,5.18,test_calibration,cal1,vicon,,,
519,5.19,test_calibration,cal1,vicon,,,
520,5.2,test_calibration,cal1,vicon,,,
521,5.21,test_calibration,cal1,vicon,,,
522,5.22,test_calibration,cal1,vicon,,,
523,5.23,test_calibration,cal1,vicon,,,
524,5.24,test_calibration,cal1,vicon,,,
525,5.25,test_calibration,cal1,vicon,,,
526,5.26,test_calibration,cal1,vicon,,,
527,5.27,test_calibration,cal1,vicon,,,
528,5.28,test_calibration,cal1,vicon,,,
529,5.29,test_calibration,cal1,vicon,,,
530,5.3,test_calibration,cal1,vicon,,,
531,5.31,test_calibration,cal1,vicon,,,
532,5.32,test_calibration,cal1,vicon,,,
533,5.33,test_calibration,cal1,vicon,,,
534,5.34,test_calibration,cal1,vicon,,,
535,5.35,test_calibration,cal1,vicon,,,
536,5.36,test_calibration,cal1,vicon,,,
537,5.37,test_calibration,cal1,vicon,,,
538,5.38,test_calibration,cal1,vicon,,,
539,5.39,test_calibration,cal1,vicon,,,
540,5.4,test_calibration,cal1,vicon,,,
541,5.41,test_calibration,cal1,vicon,,,
542,5.42,test_calibration,cal1,vicon,,,
543,5.43,test_calibration,cal1,vicon,,,
544,5.44,test_calibration,cal1,vicon,,,
545,5.45,test_calibration,cal1,vicon,,,
546,5.46,test_calibration,cal1,vicon,,,
547,5.47,test_calibration,cal1,vicon,,,
548,5.48,test_calibration,cal1,vicon,,,
549,5.49,test_calibration,cal1,vicon,,,
550,5.5,test_calibration,cal1,vicon,,,
551,5.51,test_calibration,cal1,vicon,,,
552,5.52,test_calibration,cal1,vicon,,,
553,5.53,test_calibration,cal1,vicon,,,
554,5.54,test_calibration,cal1,vicon,,,
555,5.55,test_calibration,cal1,vicon,,,
556,5.56,test_calibration,cal1,vicon,,,
557,5.57,test_calibration,cal1,vicon,,,
558,5.58,test_calibration,cal1,vicon,,,
559,5.59,test_calibration,cal1,vicon,,,
560,5.6,test_calibration,cal1,vicon,,,
561,5.61,test_calibration,cal1,vicon,,,
562,5.62,test_calibration,cal1,vicon,,,
563,5.63,test_calibration,cal1,vicon,,,
564,5.64,test_calibration,cal1,vicon,,,
565,5.65,test_calibration,cal1,vicon,,,
566,5.66,test_calibration,cal1,vicon,,,
567,5.67,test_calibration,cal1,vicon,,,
568,5.68,test_calibration,cal1,vicon,,,
569,5.69,test_calibration,cal1,vicon,,,
570,5.7,test_calibration,cal1,vicon,,,
571,5.71,test_calibration,cal1,vicon,,,
572,5.72,test_calibration,cal1,vicon,,,
573,5.73,test_calibration,cal1,vicon,,,
574,5.74,test_calibration,cal1,vicon,,,
575,5.75,test_calibration,cal1,vicon,,,
576,5.76,test_calibration,cal1,vicon,,,
577,5.77,test_calibration,cal1,vicon,,,
578,5.78,test_calibration,cal1,vicon,,,
579,5.79,test_calibration,cal1,vicon,,,
580,5.8,test_calibration,cal1,vicon,,,
581,5.81,test_calibration,cal1,vicon,,,
582,5.82,test_calibration,cal1,vicon,,,
583,5.83,test_calibration,cal1,vicon,,,
584,5.84,test_calibration,cal1,vicon,,,
585,5.85,test_calibration,cal1,vicon,,,
586,5.86,test_calibration,cal1,vicon,,,
587,5.87,test_calibration,cal1,vicon,,,
588,5.88,test_calibration,cal1,vicon,,,
589,5.89,test_calibration,cal1,vicon,,,
590,5.9,test_calibration,cal1,vicon,,,
591,5.91,test_calibration,cal1,vicon,,,
592,5.92,test_calibration,cal1,vicon,,,
593,5.93,test_calibration,cal1,vicon,,,
594,5.94,test_calibration,cal1,vicon,,,
595,5.95,test_calibration,cal1,vicon,,,
596,5.96,test_calibration,cal1,vicon,,,
597,5.97,test_calibration,cal1,vicon,,,
598,5.98,test_calibration,cal1,vicon,,,
599,5.99,test_calibration,cal1,vicon,,,
600,6.0,test_calibration,cal1,vicon,,,
601,6.01,test_calibration,cal1,vicon,,,
602,6.02,test_calibration,cal1,vicon,,,
603,6.03,test_calibration,cal1,vicon,,,
604,6.04,test_calibration,cal1,vicon,,,
605,6.05,test_calibration,cal1,vicon,,,
606,6.06,test_calibration,cal1,vicon,,,
607,6.07,test_calibration,cal1,vicon,,,
608,6.08,test_calibration,cal1,vicon,,,
609,6.09,test_calibration,cal1,vicon,,,
610,6.1,test_calibration,cal1,vicon,,,
611,6.11,test_calibration,cal1,vicon,,,
612,6.12,test_calibration,cal1,vicon,,,
613,6.13,test_calibration,cal1,vicon,,,
614,6.14,test_calibration,cal1,vicon,,,
615,6.15,test_calibration,cal1,vicon,,,
616,6.16,test_calibration,cal1,vicon,,,
617,6.17,test_calibration,cal1,vicon,,,
618,6.18,test_calibration,cal1,vicon,,,
619,6.19,test_calibration,cal1,vicon,,,
620,6.2,test_calibration,cal1,vicon,,,
621,6.21,test_calibration,cal1,vicon,,,
622,6.22,test_calibration,cal1,vicon,,,
623,6.23,test_calibration,cal1,vicon,,,
624,6.24,test_calibration,cal1,vicon,,,
625,6.25,test_calibration,cal1,vicon,,,
626,6.26,test_calibration,cal1,vicon,,,
627,6.27,test_calibration,cal1,vicon,,,
628,6.28,test_calibration,cal1,vicon,,,
629,6.29,test_calibration,cal1,vicon,,,
630,6.3,test_calibration,cal1,vicon,,,
631,6.31,test_calibration,cal1,vicon,,,
632,6.32,test_calibration,cal1,vicon,,,
633,6.33,test_calibration,cal1,vicon,,,
634,6.34,test_calibration,cal1,vicon,,,
635,6.35,test_calibration,cal1,vicon,,,
636,6.36,test_calibration,cal1,vicon,,,
637,6.37,test_calibration,cal1,vicon,,,
638,6.38,test_calibration,cal1,vicon,,,
639,6.39,test_calibration,cal1,vicon,,,
640,6.4,test_calibration,cal1,vicon,,,
641,6.41,test_calibration,cal1,vicon,,,
642,6.42,test_calibration,cal1,vicon,,,
643,6.43,test_calibration,cal1,vicon,,,
644,6.44,test_calibration,cal1,vicon,,,
645,6.45,test_calibration,cal1,vicon,,,
646,6.46,test_calibration,cal1,vicon,,,
647,6.47,test_calibration,cal1,vicon,,,
648,6.48,test_calibration,cal1,vicon,,,
649,6.49,test_calibration,cal1,vicon,,,
650,6.5,test_calibration,cal1,vicon,,,
651,6.51,test_calibration,cal1,vicon,,,
652,6.52,test_calibration,cal1,vicon,,,
653,6.53,test_calibration,cal1,vicon,,,
654,6.54,test_calibration,cal1,vicon,,,
655,6.55,test_calibration,cal1,vicon,,,
656,6.56,test_calibration,cal1,vicon,,,
657,6.57,test_calibration,cal1,vicon,,,
658,6.58,test_calibration,cal1,vicon,,,
659,6.59,test_calibration,cal1,vicon,,,
660,6.6,test_calibration,cal1,vicon,,,
661,6.61,test_calibration,cal1,vicon,,,
662,6.62,test_calibration,cal1,vicon,,,
663,6.63,test_calibration,cal1,vicon,,,
664,6.64,test_calibration,cal1,vicon,,,
665,6.65,test_calibration,cal1,vicon,,,
666,6.66,test_calibration,cal1,vicon,,,
667,6.67,test_calibration,cal1,vicon,,,
668,6.68,test_calibration,cal1,vicon,,,
669,6.69,test_calibration,cal1,vicon,,,
670,6.7,test_calibration,cal1,vicon,,,
671,6.71,test_calibration,cal1,vicon,,,
672,6.72,test_calibration,cal1,vicon,,,
673,6.73,test_calibration,cal1,vicon,,,
674,6.74,test_calibration,cal1,vicon,,,
675,6.75,test_calibration,cal1,vicon,,,
676,6.76,test_calibration,cal1,vicon,,,
677,6.77,test_calibration,cal1,vicon,,,
678,6.78,test_calibration,cal1,vicon,,,
679,6.79,test_calibration,cal1,vicon,,,
680,6.8,test_calibration,cal1,vicon,,,
681,6.81,test_calibration,cal1,vicon,,,
682,6.82,test_calibration,cal1,vicon,,,
683,6.83,test_calibration,cal1,vicon,,,
684,6.84,test_calibration,cal1,vicon,,,
685,6.85,test_calibration,cal1,vicon,,,
686,6.86,test_calibration,cal1,vicon,,,
687,6.87,test_calibration,cal1,vicon,,,
688,6.88,test_calibration,cal1,vicon,,,
689,6.89,test_calibration,cal1,vicon,,,
690,6.9,test_calibration,cal1,vicon,,,
691,6.91,test_calibration,cal1,vicon,,,
692,6.92,test_calibration,cal1,vicon,,,
693,6.93,test_calibration,cal1,vicon,,,
694,6.94,test_calibration,cal1,vicon,,,
695,6.95,test_calibration,cal1,vicon,,,
696,6.96,test_calibration,cal1,vicon,,,
697,6.97,test_calibration,cal1,vicon,,,
698,6.98,test_calibration,cal1,vicon,,,
699,6.99,test_calibration,cal1,vicon,,,
700,7.0,test_calibration,cal1,vicon,,,
701,7.01,test_calibration,cal1,vicon,,,
702,7.02,test_calibration,cal1,vicon,,,
703,7.03,test_calibration,cal1,vicon,,,
704,7.04,test_calibration,cal1,vicon,,,
705,7.05,test_calibration,cal1,vicon,,,
706,7.06,test_calibration,cal1,vicon,,,
707,7.07,test_calibration,cal1,vicon,,,
708,7.08,test_calibration,cal1,vicon,,,
709,7.09,test_calibration,cal1,vicon,,,
710,7.1,test_calibration,cal1,vicon,,,
711,7.11,test_calibration,cal1,vicon,,,
712,7.12,test_calibration,cal1,vicon,,,
713,7.13,test_calibration,cal1,vicon,,,
714,7.14,test_calibration,cal1,vicon,,,
715,7.15,test_calibration,cal1,vicon,,,
716,7.16,test_calibration,cal1,vicon,,,
717,7.17,test_calibration,cal1,vicon,,,
718,7.18,test_calibration,cal1,vicon,,,
719,7.19,test_calibration,cal1,vicon,,,
720,7.2,test_calibration,cal1,vicon,,,
721,7.21,test_calibration,cal1,vicon,,,
722,7.22,test_calibration,cal1,vicon,,,
723,7.23,test_calibration,cal1,vicon,,,
724,7.24,test_calibration,cal1,vicon,,,
725,7.25,test_calibration,cal1,vicon,,,
726,7.26,test_calibration,cal1,vicon,,,
727,7.27,test_calibration,cal1,vicon,,,
728,7.28,test_calibration,cal1,vicon,,,
729,7.29,test_calibration,cal1,vicon,,,
730,7.3,test_calibration,cal1,vicon,,,
731,7.31,test_calibration,cal1,vicon,,,
732,7.32,test_calibration,cal1,vicon,,,
733,7.33,test_calibration,cal1,vicon,,,
734,7.34,test_calibration,cal1,vicon,,,
735,7.35,test_calibration,cal1,vicon,,,
736,7.36,test_calibration,cal1,vicon,,,
737,7.37,test_calibration,cal1,vicon,,,
738,7.38,test_calibration,cal1,vicon,,,
739,7.39,test_calibration,cal1,vicon,,,
740,7.4,test_calibration,cal1,vicon,,,
741,7.41,test_calibration,cal1,vicon,,,
742,7.42,test_calibration,cal1,vicon,,,
743,7.43,test_calibration,cal1,vicon,,,
744,7.44,test_calibration,cal1,vicon,,,
745,7.45,test_calibration,cal1,vicon,,,
746,7.46,test_calibration,cal1,vicon,,,
747,7.47,test_calibration,cal1,vicon,,,
748,7.48,test_calibration,cal1,vicon,,,
749,7.49,test_calibration,cal1,vicon,,,
750,7.5,test_calibration,cal1,vicon,,,
751,7.51,test_calibration,cal1,vicon,,,
752,7.52,test_calibration,cal1,vicon,,,
753,7.53,test_calibration,cal1,vicon,,,
754,7.54,test_calibration,cal1,vicon,,,
755,7.55,test_calibration,cal1,vicon,,,
756,7.56,test_calibration,cal1,vicon,,,
757,7.57,test_calibration,cal1,vicon,,,
758,7.58,test_calibration,cal1,vicon,,,
759,7.59,test_calibration,cal1,vicon,,,
760,7.6,test_calibration,cal1,vicon,,,
761,7.61,test_calibration,cal1,vicon,,,
762,7.62,test_calibration,cal1,vicon,-0.0920425,-0.39467899999999995,0.220352
763,7.63,test_calibration,cal1,vicon,,,
764,7.64,test_calibration,cal1,vicon,,,
765,7.65,test_calibration,cal1,vicon,,,
766,7.66,test_calibration,cal1,vicon,,,
767,7.67,test_calibration,cal1,vicon,,,
768,7.68,test_calibration,cal1,vicon,-0.0652337,-0.367245,0.22412
769,7.69,test_calibration,cal1,vicon,-0.0618722,-0.362652,0.224512
770,7.7,test_calibration,cal1,vicon,,,
771,7.71,test_calibration,cal1,vicon,,,
772,7.72,test_calibration,cal1,vicon,,,
773,7.73,test_calibration,cal1,vicon,,,
774,7.74,test_calibration,cal1,vicon,-0.0503815,-0.336812,0.228864
775,7.75,test_calibration,cal1,vicon,,,
776,7.76,test_calibration,cal1,vicon,-0.045359000000000003,-0.325881,0.23087200000000002
777,7.77,test_calibration,cal1,vicon,,,
778,7.78,test_calibration,cal1,vicon,-0.0403654,-0.31387099999999996,0.23156000000000002
779,7.79,test_calibration,cal1,vicon,,,
780,7.8,test_calibration,cal1,vicon,,,
781,7.81,test_calibration,cal1,vicon,-0.033296,-0.29696100000000003,0.232936
782,7.82,test_calibration,cal1,vicon,-0.030822,-0.29169,0.233196
783,7.83,test_calibration,cal1,vicon,-0.027880500000000003,-0.28642399999999996,0.23346
784,7.84,test_calibration,cal1,vicon,-0.0247292,-0.282127,0.234257
785,7.85,test_calibration,cal1,vicon,-0.022011399999999997,-0.27704,0.234443
786,7.86,test_calibration,cal1,vicon,-0.019472200000000002,-0.277303,0.231285
787,7.87,test_calibration,cal1,vicon,,,
788,7.88,test_calibration,cal1,vicon,-0.012631999999999999,-0.268889,0.23231100000000002
789,7.89,test_calibration,cal1,vicon,-0.009178559999999999,-0.264687,0.232627
790,7.9,test_calibration,cal1,vicon,,,
791,7.91,test_calibration,cal1,vicon,-0.00126399,-0.256109,0.234304
792,7.92,test_calibration,cal1,vicon,0.0022229299999999997,-0.253286,0.233059
793,7.93,test_calibration,cal1,vicon,0.00656658,-0.249827,0.232526
794,7.94,test_calibration,cal1,vicon,0.0101532,-0.244303,0.23396799999999998
795,7.95,test_calibration,cal1,vicon,0.0141526,-0.24062999999999998,0.23409100000000002
796,7.96,test_calibration,cal1,vicon,0.0182153,-0.23669,0.23367500000000002
797,7.97,test_calibration,cal1,vicon,0.0221156,-0.232607,0.233127
798,7.98,test_calibration,cal1,vicon,0.0263654,-0.22878700000000002,0.232433
799,7.99,test_calibration,cal1,vicon,0.0306126,-0.224934,0.231764
800,8.0,test_calibration,cal1,vicon,0.0342654,-0.221149,0.23117400000000002
801,8.01,test_calibration,cal1,vicon,0.038440199999999994,-0.21744999999999998,0.230846
802,8.02,test_calibration,cal1,vicon,0.0418377,-0.21388300000000002,0.23042500000000002
803,8.03,test_calibration,cal1,vicon,0.0452529,-0.210475,0.229686
804,8.04,test_calibration,cal1,vicon,0.0489198,-0.20661600000000002,0.22928
805,8.05,test_calibration,cal1,vicon,0.0520702,-0.20297,0.228357
806,8.06,test_calibration,cal1,vicon,0.0551735,-0.200036,0.22827
807,8.07,test_calibration,cal1,vicon,0.058285,-0.197217,0.22778700000000002
808,8.08,test_calibration,cal1,vicon,0.0621188,-0.194636,0.227031
809,8.09,test_calibration,cal1,vicon,0.06546389999999999,-0.1928,0.226659
810,8.1,test_calibration,cal1,vicon,0.0690282,-0.19129400000000002,0.225852
811,8.11,test_calibration,cal1,vicon,0.07301479999999999,-0.190908,0.225543
812,8.12,test_calibration,cal1,vicon,0.0768703,-0.19078399999999998,0.224666
813,8.13,test_calibration,cal1,vicon,0.0807012,-0.191489,0.224516
814,8.14,test_calibration,cal1,vicon,0.0843285,-0.192853,0.224501
815,8.15,test_calibration,cal1,vicon,0.0878869,-0.194303,0.224648
816,8.16,test_calibration,cal1,vicon,0.0917602,-0.195995,0.225228
817,8.17,test_calibration,cal1,vicon,0.0953368,-0.197506,0.225532
818,8.18,test_calibration,cal1,vicon,0.0989826,-0.19830099999999998,0.226243
819,8.19,test_calibration,cal1,vicon,0.10261400000000001,-0.19905799999999998,0.226889
820,8.2,test_calibration,cal1,vicon,0.106337,-0.199054,0.227781
821,8.21,test_calibration,cal1,vicon,0.110028,-0.198025,0.228646
822,8.22,test_calibration,cal1,vicon,0.114047,-0.197273,0.22947499999999998
823,8.23,test_calibration,cal1,vicon,0.118713,-0.195232,0.22969
824,8.24,test_calibration,cal1,vicon,0.123507,-0.193179,0.230517
825,8.25,test_calibration,cal1,vicon,0.129029,-0.19026099999999999,0.23080799999999999
826,8.26,test_calibration,cal1,vicon,0.134189,-0.187134,0.23165100000000002
827,8.27,test_calibration,cal1,vicon,0.13979499999999997,-0.182927,0.232226
828,8.28,test_calibration,cal1,vicon,0.145448,-0.178204,0.23295500000000002
829,8.29,test_calibration,cal1,vicon,0.150909,-0.17282599999999998,0.23359
830,8.3,test_calibration,cal1,vicon,0.156498,-0.166898,0.23430299999999998
831,8.31,test_calibration,cal1,vicon,0.16181700000000002,-0.160403,0.234896
832,8.32,test_calibration,cal1,vicon,0.166943,-0.153511,0.23577
833,8.33,test_calibration,cal1,vicon,0.171754,-0.146227,0.236539
834,8.34,test_calibration,cal1,vicon,0.176894,-0.13819700000000001,0.236807
835,8.35,test_calibration,cal1,vicon,0.180976,-0.13020500000000002,0.23774299999999998
836,8.36,test_calibration,cal1,vicon,0.18515600000000002,-0.122339,0.23888800000000002
837,8.37,test_calibration,cal1,vicon,0.18925299999999998,-0.114268,0.23994200000000002
838,8.38,test_calibration,cal1,vicon,0.193102,-0.10621299999999999,0.241012
839,8.39,test_calibration,cal1,vicon,0.19721799999999998,-0.098079,0.241965
840,8.4,test_calibration,cal1,vicon,0.200678,-0.089658,0.242918
841,8.41,test_calibration,cal1,vicon,0.20445500000000003,-0.0816364,0.244066
842,8.42,test_calibration,cal1,vicon,0.208235,-0.07403499999999999,0.245475
843,8.43,test_calibration,cal1,vicon,0.21154699999999999,-0.0663768,0.24665299999999998
844,8.44,test_calibration,cal1,vicon,0.214857,-0.0589594,0.247793
845,8.45,test_calibration,cal1,vicon,0.217809,-0.0516902,0.249059
846,8.46,test_calibration,cal1,vicon,0.220608,-0.0449444,0.250019
847,8.47,test_calibration,cal1,vicon,0.222833,-0.038803199999999996,0.25087899999999996
848,8.48,test_calibration,cal1,vicon,0.224017,-0.0333795,0.25197800000000004
849,8.49,test_calibration,cal1,vicon,0.224447,-0.028617999999999998,0.252639
850,8.5,test_calibration,cal1,vicon,0.22420400000000001,-0.024851199999999997,0.25297
851,8.51,test_calibration,cal1,vicon,0.22273400000000002,-0.0218207,0.25293899999999997
852,8.52,test_calibration,cal1,vicon,0.220744,-0.0200887,0.253034
853,8.53,test_calibration,cal1,vicon,0.218308,-0.0191326,0.25280600000000003
854,8.54,test_calibration,cal1,vicon,0.213697,-0.0193322,0.252668
855,8.55,test_calibration,cal1,vicon,0.208291,-0.0195981,0.252934
856,8.56,test_calibration,cal1,vicon,0.202701,-0.020666399999999998,0.252809
857,8.57,test_calibration,cal1,vicon,0.19634000000000001,-0.022594,0.253132
858,8.58,test_calibration,cal1,vicon,0.18938,-0.024717700000000002,0.253374
859,8.59,test_calibration,cal1,vicon,0.182281,-0.0272295,0.253807
860,8.6,test_calibration,cal1,vicon,0.174809,-0.0302926,0.254934
861,8.61,test_calibration,cal1,vicon,0.167482,-0.0336825,0.255918
862,8.62,test_calibration,cal1,vicon,0.160748,-0.0373196,0.25643099999999996
863,8.63,test_calibration,cal1,vicon,0.15393700000000002,-0.0412708,0.25814299999999996
864,8.64,test_calibration,cal1,vicon,0.147415,-0.0452983,0.259967
865,8.65,test_calibration,cal1,vicon,0.14205500000000001,-0.0491248,0.26103
866,8.66,test_calibration,cal1,vicon,0.137367,-0.0528145,0.262461
867,8.67,test_calibration,cal1,vicon,0.133285,-0.0557237,0.26405700000000004
868,8.68,test_calibration,cal1,vicon,0.130738,-0.0579544,0.26504500000000003
869,8.69,test_calibration,cal1,vicon,0.129769,-0.0593745,0.26508699999999996
870,8.7,test_calibration,cal1,vicon,0.129236,-0.0603493,0.26561599999999996
871,8.71,test_calibration,cal1,vicon,0.129333,-0.0608521,0.265571
872,8.72,test_calibration,cal1,vicon,0.130582,-0.060954,0.26473
873,8.73,test_calibration,cal1,vicon,0.131654,-0.060649,0.26437299999999997
874,8.74,test_calibration,cal1,vicon,0.132707,-0.0600171,0.263893
875,8.75,test_calibration,cal1,vicon,0.133858,-0.0592704,0.26343900000000003
876,8.76,test_calibration,cal1,vicon,0.135716,-0.0583667,0.262192
877,8.77,test_calibration,cal1,vicon,0.136678,-0.0572582,0.26206799999999997
878,8.78,test_calibration,cal1,vicon,0.137657,-0.055608,0.261486
879,8.79,test_calibration,cal1,vicon,0.13909,-0.0537808,0.26083100000000004
880,8.8,test_calibration,cal1,vicon,0.140587,-0.0513133,0.259397
881,8.81,test_calibration,cal1,vicon,0.14116900000000002,-0.048693600000000004,0.259303
882,8.82,test_calibration,cal1,vicon,0.142186,-0.045917900000000005,0.258543
883,8.83,test_calibration,cal1,vicon,0.14247200000000002,-0.0430331,0.25862599999999997
884,8.84,test_calibration,cal1,vicon,0.142977,-0.0404566,0.258553
885,8.85,test_calibration,cal1,vicon,0.143095,-0.0381018,0.258905
886,8.86,test_calibration,cal1,vicon,0.143012,-0.0359993,0.259507
887,8.87,test_calibration,cal1,vicon,0.14271899999999998,-0.0340055,0.26019099999999995
888,8.88,test_calibration,cal1,vicon,0.142192,-0.032412199999999995,0.260735
889,8.89,test_calibration,cal1,vicon,0.14191800000000002,-0.0313582,0.261278
890,8.9,test_calibration,cal1,vicon,0.140687,-0.0304305,0.26277300000000003
891,8.91,test_calibration,cal1,vicon,0.139289,-0.0292929,0.26359899999999997
892,8.92,test_calibration,cal1,vicon,0.13728,-0.027810500000000002,0.264517
893,8.93,test_calibration,cal1,vicon,0.135298,-0.026301500000000002,0.265564
894,8.94,test_calibration,cal1,vicon,0.132433,-0.0242975,0.267061
895,8.95,test_calibration,cal1,vicon,0.129615,-0.022047999999999998,0.268228
896,8.96,test_calibration,cal1,vicon,0.126784,-0.0194838,0.26962200000000003
897,8.97,test_calibration,cal1,vicon,0.124058,-0.0167692,0.270808
898,8.98,test_calibration,cal1,vicon,0.121426,-0.0137955,0.27199
899,8.99,test_calibration,cal1,vicon,0.119101,-0.010584199999999998,0.272797
900,9.0,test_calibration,cal1,vicon,0.11693200000000001,-0.00710543,0.273202
901,9.01,test_calibration,cal1,vicon,0.114622,-0.00354018,0.27404700000000004
902,9.02,test_calibration,cal1,vicon,0.112133,0.000159227,0.275175
903,9.03,test_calibration,cal1,vicon,0.10983799999999999,0.00399903,0.27575
904,9.04,test_calibration,cal1,vicon,0.10811499999999999,0.007919260000000001,0.275642
905,9.05,test_calibration,cal1,vicon,0.10543300000000001,0.0120836,0.276904
906,9.06,test_calibration,cal1,vicon,0.103896,0.0160515,0.276885
907,9.07,test_calibration,cal1,vicon,0.101694,0.0202972,0.277749
908,9.08,test_calibration,cal1,vicon,0.0995987,0.0246764,0.278429
909,9.09,test_calibration,cal1,vicon,0.0975323,0.029114,0.27919700000000003
910,9.1,test_calibration,cal1,vicon,0.0964302,0.0331517,0.27944
911,9.11,test_calibration,cal1,vicon,0.0945466,0.0372759,0.280127
912,9.12,test_calibration,cal1,vicon,0.0932916,0.0410411,0.280081
913,9.13,test_calibration,cal1,vicon,0.09152450000000001,0.044557099999999995,0.280659
914,9.14,test_calibration,cal1,vicon,0.08974460000000001,0.0475966,0.281276
915,9.15,test_calibration,cal1,vicon,0.08869679999999999,0.0500481,0.28136500000000003
916,9.16,test_calibration,cal1,vicon,0.0867915,0.0521027,0.281882
917,9.17,test_calibration,cal1,vicon,0.0860954,0.0533525,0.28163900000000003
918,9.18,test_calibration,cal1,vicon,0.08535590000000001,0.0539676,0.281585
919,9.19,test_calibration,cal1,vicon,0.0850955,0.0538249,0.281374
920,9.2,test_calibration,cal1,vicon,0.0848011,0.0534785,0.281069
921,9.21,test_calibration,cal1,vicon,0.0848662,0.0529093,0.280806
922,9.22,test_calibration,cal1,vicon,0.08487839999999999,0.0523493,0.28060399999999996
923,9.23,test_calibration,cal1,vicon,0.0853316,0.051646700000000004,0.28054199999999996
924,9.24,test_calibration,cal1,vicon,0.086037,0.050975700000000006,0.28046899999999997
925,9.25,test_calibration,cal1,vicon,0.0871767,0.0505617,0.27984
926,9.26,test_calibration,cal1,vicon,0.0880099,0.0500785,0.279754
927,9.27,test_calibration,cal1,vicon,0.0886539,0.049836399999999996,0.27979899999999996
928,9.28,test_calibration,cal1,vicon,0.0892932,0.0494659,0.280022
929,9.29,test_calibration,cal1,vicon,0.08979559999999999,0.049298,0.279899
930,9.3,test_calibration,cal1,vicon,0.0898404,0.0494514,0.280151
931,9.31,test_calibration,cal1,vicon,0.0895167,0.0497378,0.280572
932,9.32,test_calibration,cal1,vicon,0.0894958,0.050293399999999995,0.280856
933,9.33,test_calibration,cal1,vicon,0.0891891,0.051235100000000006,0.281117
934,9.34,test_calibration,cal1,vicon,0.0889138,0.0522556,0.281514
935,9.35,test_calibration,cal1,vicon,0.08872379999999999,0.053645000000000005,0.282148
936,9.36,test_calibration,cal1,vicon,0.0884042,0.0551843,0.28293
937,9.37,test_calibration,cal1,vicon,0.0878004,0.0572738,0.283795
938,9.38,test_calibration,cal1,vicon,0.08759869999999999,0.0592077,0.284507
939,9.39,test_calibration,cal1,vicon,0.0872931,0.0614629,0.285171
940,9.4,test_calibration,cal1,vicon,0.0869342,0.0639674,0.285782
941,9.41,test_calibration,cal1,vicon,0.0871163,0.06621540000000001,0.286187
942,9.42,test_calibration,cal1,vicon,0.0865283,0.0687469,0.287038
943,9.43,test_calibration,cal1,vicon,0.0858293,0.0713122,0.28783499999999995
944,9.44,test_calibration,cal1,vicon,0.08496680000000001,0.0736386,0.288752
945,9.45,test_calibration,cal1,vicon,0.0838085,0.0763163,0.28931799999999996
946,9.46,test_calibration,cal1,vicon,0.0828156,0.078566,0.289997
947,9.47,test_calibration,cal1,vicon,0.0811919,0.0807822,0.290891
948,9.48,test_calibration,cal1,vicon,0.07919029999999999,0.0828229,0.292027
949,9.49,test_calibration,cal1,vicon,0.0775618,0.08455370000000001,0.292487
950,9.5,test_calibration,cal1,vicon,0.0755469,0.0860997,0.29330900000000004
951,9.51,test_calibration,cal1,vicon,0.0729139,0.0874542,0.29446100000000003
952,9.52,test_calibration,cal1,vicon,0.0706507,0.0884838,0.29529700000000003
953,9.53,test_calibration,cal1,vicon,0.0682046,0.08965999999999999,0.295808
954,9.54,test_calibration,cal1,vicon,0.06555079999999999,0.0904889,0.296888
955,9.55,test_calibration,cal1,vicon,0.062713,0.0915834,0.297661
956,9.56,test_calibration,cal1,vicon,0.060119599999999995,0.0923329,0.29854
957,9.57,test_calibration,cal1,vicon,0.0575514,0.0931964,0.29923099999999997
958,9.58,test_calibration,cal1,vicon,0.0552956,0.0940225,0.299699
959,9.59,test_calibration,cal1,vicon,0.053323300000000004,0.09456239999999999,0.30010000000000003
960,9.6,test_calibration,cal1,vicon,0.051599200000000005,0.0948321,0.300478
961,9.61,test_calibration,cal1,vicon,0.0496254,0.0948836,0.300599
962,9.62,test_calibration,cal1,vicon,0.048595,0.0948228,0.301314
963,9.63,test_calibration,cal1,vicon,0.0475847,0.09434529999999999,0.301615
964,9.64,test_calibration,cal1,vicon,0.0474749,0.0936775,0.301348
965,9.65,test_calibration,cal1,vicon,0.04839,0.0927493,0.30039299999999997
966,9.66,test_calibration,cal1,vicon,0.049137900000000005,0.0918454,0.29991500000000004
967,9.67,test_calibration,cal1,vicon,0.0499357,0.0908509,0.299398
968,9.68,test_calibration,cal1,vicon,0.051901,0.08972379999999999,0.298165
969,9.69,test_calibration,cal1,vicon,0.0538113,0.08832599999999999,0.29701799999999995
970,9.7,test_calibration,cal1,vicon,0.055346400000000004,0.0867265,0.29656099999999996
971,9.71,test_calibration,cal1,vicon,0.057458300000000004,0.0847568,0.295741
972,9.72,test_calibration,cal1,vicon,0.0594477,0.0827478,0.294738
973,9.73,test_calibration,cal1,vicon,0.061876600000000004,0.0802601,0.293674
974,9.74,test_calibration,cal1,vicon,0.06300460000000001,0.077965,0.293451
975,9.75,test_calibration,cal1,vicon,0.0645875,0.0751703,0.292813
976,9.76,test_calibration,cal1,vicon,0.0656988,0.0723797,0.292142
977,9.77,test_calibration,cal1,vicon,0.0660542,0.0696054,0.291736
978,9.78,test_calibration,cal1,vicon,0.0662865,0.0664667,0.29136700000000004
979,9.79,test_calibration,cal1,vicon,0.0662689,0.063447,0.290793
980,9.8,test_calibration,cal1,vicon,0.0660995,0.0604252,0.290118
981,9.81,test_calibration,cal1,vicon,0.065341,0.0576867,0.289594
982,9.82,test_calibration,cal1,vicon,0.06409820000000001,0.0552673,0.28933499999999995
983,9.83,test_calibration,cal1,vicon,0.06362570000000001,0.0525355,0.288119
984,9.84,test_calibration,cal1,vicon,0.0625195,0.0501183,0.28724700000000003
985,9.85,test_calibration,cal1,vicon,0.060743899999999997,0.047893,0.287281
986,9.86,test_calibration,cal1,vicon,0.0594824,0.0457268,0.28613900000000003
987,9.87,test_calibration,cal1,vicon,0.0575385,0.0437443,0.285632
988,9.88,test_calibration,cal1,vicon,0.0557427,0.0414825,0.284999
989,9.89,test_calibration,cal1,vicon,0.053594499999999996,0.0393773,0.28452999999999995
990,9.9,test_calibration,cal1,vicon,0.051736,0.0371928,0.28349799999999997
991,9.91,test_calibration,cal1,vicon,0.0494421,0.0346822,0.283235
992,9.92,test_calibration,cal1,vicon,0.0473458,0.032505400000000004,0.282754
993,9.93,test_calibration,cal1,vicon,0.0452646,0.0303656,0.282094
994,9.94,test_calibration,cal1,vicon,0.043428400000000006,0.0282823,0.281826
995,9.95,test_calibration,cal1,vicon,0.0414627,0.026751300000000002,0.281441
996,9.96,test_calibration,cal1,vicon,0.040597299999999996,0.0252987,0.28053500000000003
997,9.97,test_calibration,cal1,vicon,0.0386551,0.0245261,0.280317
998,9.98,test_calibration,cal1,vicon,0.0373835,0.0239878,0.27968400000000004
999,9.99,test_calibration,cal1,vicon,0.0359241,0.0236569,0.279645
1000,10.0,test_calibration,cal1,vicon,0.0342791,0.023686099999999998,0.27968200000000004
1001,10.01,test_calibration,cal1,vicon,0.0323307,0.0237934,0.28027300000000005
1002,10.02,test_calibration,cal1,vicon,0.0309061,0.0241022,0.280146
1003,10.03,test_calibration,cal1,vicon,0.029043500000000003,0.0245551,0.280665
1004,10.04,test_calibration,cal1,vicon,0.0270793,0.0250154,0.281434
1005,10.05,test_calibration,cal1,vicon,0.025393899999999997,0.0255726,0.281549
1006,10.06,test_calibration,cal1,vicon,0.0223232,0.026401,0.283058
1007,10.07,test_calibration,cal1,vicon,0.0195906,0.0273426,0.284097
1008,10.08,test_calibration,cal1,vicon,0.0169729,0.0282601,0.28510700000000005
1009,10.09,test_calibration,cal1,vicon,0.0141861,0.0292528,0.286234
1010,10.1,test_calibration,cal1,vicon,0.011430999999999998,0.0302482,0.287664
1011,10.11,test_calibration,cal1,vicon,0.008649430000000001,0.0319058,0.288603
1012,10.12,test_calibration,cal1,vicon,0.0061105099999999996,0.033257300000000004,0.28968299999999997
1013,10.13,test_calibration,cal1,vicon,0.00365801,0.0350591,0.290688
1014,10.14,test_calibration,cal1,vicon,0.0010050699999999998,0.036519199999999995,0.292345
1015,10.15,test_calibration,cal1,vicon,-0.0009697670000000001,0.0380501,0.293525
1016,10.16,test_calibration,cal1,vicon,-0.0033977,0.0398715,0.29451499999999997
1017,10.17,test_calibration,cal1,vicon,-0.00481076,0.041082799999999996,0.295274
1018,10.18,test_calibration,cal1,vicon,-0.00631048,0.0426824,0.295854
1019,10.19,test_calibration,cal1,vicon,-0.0076025,0.0439596,0.296821
1020,10.2,test_calibration,cal1,vicon,-0.008508330000000001,0.045083599999999995,0.29757799999999995
1021,10.21,test_calibration,cal1,vicon,-0.00898694,0.046149,0.298087
1022,10.22,test_calibration,cal1,vicon,-0.009289770000000001,0.0469849,0.298466
1023,10.23,test_calibration,cal1,vicon,-0.00995432,0.0477386,0.29941
1024,10.24,test_calibration,cal1,vicon,-0.010281700000000001,0.0483142,0.30043200000000003
1025,10.25,test_calibration,cal1,vicon,-0.0105167,0.0487031,0.301408
1026,10.26,test_calibration,cal1,vicon,-0.0106066,0.049133,0.30201100000000003
1027,10.27,test_calibration,cal1,vicon,-0.0103488,0.049418500000000004,0.302577
1028,10.28,test_calibration,cal1,vicon,-0.0100075,0.049693600000000004,0.30318900000000004
1029,10.29,test_calibration,cal1,vicon,-0.00953736,0.0498959,0.303848
1030,10.3,test_calibration,cal1,vicon,-0.00925834,0.0502352,0.30436599999999997
1031,10.31,test_calibration,cal1,vicon,-0.00902575,0.050543,0.30484100000000003
1032,10.32,test_calibration,cal1,vicon,-0.008714280000000001,0.0506527,0.305278
1033,10.33,test_calibration,cal1,vicon,-0.008138339999999999,0.0505944,0.30570800000000004
1034,10.34,test_calibration,cal1,vicon,-0.00814766,0.050446599999999994,0.30684100000000003
1035,10.35,test_calibration,cal1,vicon,-0.00811925,0.0501282,0.30794099999999996
1036,10.36,test_calibration,cal1,vicon,-0.00790596,0.0500366,0.308324
1037,10.37,test_calibration,cal1,vicon,-0.0075191400000000005,0.050088099999999997,0.308802
1038,10.38,test_calibration,cal1,vicon,-0.00677152,0.0498423,0.309316
1039,10.39,test_calibration,cal1,vicon,-0.00578729,0.0497167,0.309395
1040,10.4,test_calibration,cal1,vicon,-0.00455428,0.0496138,0.30934300000000003
1041,10.41,test_calibration,cal1,vicon,-0.004007920000000001,0.04976,0.30978100000000003
1042,10.42,test_calibration,cal1,vicon,-0.0030470199999999997,0.0495148,0.310278
1043,10.43,test_calibration,cal1,vicon,-0.00205317,0.0494987,0.310358
1044,10.44,test_calibration,cal1,vicon,-0.000785458,0.0493367,0.31019
1045,10.45,test_calibration,cal1,vicon,-0.000319211,0.0495406,0.310744
1046,10.46,test_calibration,cal1,vicon,0.000615128,0.04946179999999999,0.311184
1047,10.47,test_calibration,cal1,vicon,0.0016149299999999999,0.0495672,0.311334
1048,10.48,test_calibration,cal1,vicon,0.00288097,0.0497007,0.31124
1049,10.49,test_calibration,cal1,vicon,0.00342442,0.0502576,0.311743
1050,10.5,test_calibration,cal1,vicon,0.00450067,0.050831600000000005,0.311868
1051,10.51,test_calibration,cal1,vicon,0.00601661,0.0512729,0.31138499999999997
1052,10.52,test_calibration,cal1,vicon,0.0077437899999999995,0.0517281,0.310995
1053,10.53,test_calibration,cal1,vicon,0.009172119999999999,0.0522214,0.31107100000000004
1054,10.54,test_calibration,cal1,vicon,0.0110462,0.0526764,0.310864
1055,10.55,test_calibration,cal1,vicon,0.012730700000000001,0.0533009,0.310589
1056,10.56,test_calibration,cal1,vicon,0.015365,0.0537618,0.309756
1057,10.57,test_calibration,cal1,vicon,0.0174079,0.054241700000000004,0.309635
1058,10.58,test_calibration,cal1,vicon,0.0204492,0.054511000000000004,0.308753
1059,10.59,test_calibration,cal1,vicon,0.0237214,0.0547861,0.30776
1060,10.6,test_calibration,cal1,vicon,0.0267827,0.0551682,0.30750900000000003
1061,10.61,test_calibration,cal1,vicon,0.030415400000000002,0.0557091,0.306368
1062,10.62,test_calibration,cal1,vicon,0.034347499999999996,0.056159799999999996,0.30546300000000004
1063,10.63,test_calibration,cal1,vicon,0.038748399999999995,0.0565152,0.304247
1064,10.64,test_calibration,cal1,vicon,0.0431841,0.0570815,0.302938
1065,10.65,test_calibration,cal1,vicon,0.047523699999999995,0.057430100000000005,0.302298
1066,10.66,test_calibration,cal1,vicon,0.0522787,0.0582017,0.30072699999999997
1067,10.67,test_calibration,cal1,vicon,0.057539,0.058658,0.299065
1068,10.68,test_calibration,cal1,vicon,0.0624476,0.0594026,0.297785
1069,10.69,test_calibration,cal1,vicon,0.06772979999999999,0.0599763,0.29655000000000004
1070,10.7,test_calibration,cal1,vicon,0.0732594,0.060885100000000004,0.295034
1071,10.71,test_calibration,cal1,vicon,0.0790068,0.0619698,0.29336599999999996
1072,10.72,test_calibration,cal1,vicon,0.0849177,0.0631679,0.29173899999999997
1073,10.73,test_calibration,cal1,vicon,0.090352,0.0647857,0.290588
1074,10.74,test_calibration,cal1,vicon,0.09660859999999999,0.0665965,0.288677
1075,10.75,test_calibration,cal1,vicon,0.10210899999999999,0.0687316,0.287265
1076,10.76,test_calibration,cal1,vicon,0.107167,0.0713212,0.286028
1077,10.77,test_calibration,cal1,vicon,0.11243500000000001,0.0737808,0.28442700000000004
1078,10.78,test_calibration,cal1,vicon,0.116961,0.0762852,0.283187
1079,10.79,test_calibration,cal1,vicon,0.121031,0.0790402,0.28185899999999997
1080,10.8,test_calibration,cal1,vicon,0.124869,0.081829,0.280119
1081,10.81,test_calibration,cal1,vicon,0.12804400000000002,0.08491670000000001,0.27916399999999997
1082,10.82,test_calibration,cal1,vicon,0.131196,0.0883232,0.27787599999999996
1083,10.83,test_calibration,cal1,vicon,0.133687,0.0923332,0.27624099999999996
1084,10.84,test_calibration,cal1,vicon,0.136457,0.0968188,0.27467
1085,10.85,test_calibration,cal1,vicon,0.13939500000000002,0.10176,0.27348300000000003
1086,10.86,test_calibration,cal1,vicon,0.142095,0.107279,0.271838
1087,10.87,test_calibration,cal1,vicon,0.144547,0.11362,0.270385
1088,10.88,test_calibration,cal1,vicon,0.147017,0.120483,0.26890800000000004
1089,10.89,test_calibration,cal1,vicon,0.150161,0.127669,0.266778
1090,10.9,test_calibration,cal1,vicon,0.152572,0.13557,0.265223
1091,10.91,test_calibration,cal1,vicon,0.154798,0.144162,0.263729
1092,10.92,test_calibration,cal1,vicon,0.156763,0.15331899999999998,0.26225099999999996
1093,10.93,test_calibration,cal1,vicon,0.159455,0.162462,0.26028500000000004
1094,10.94,test_calibration,cal1,vicon,0.161112,0.172512,0.258688
1095,10.95,test_calibration,cal1,vicon,0.162773,0.182792,0.257183
1096,10.96,test_calibration,cal1,vicon,0.164815,0.192706,0.254877
1097,10.97,test_calibration,cal1,vicon,0.165828,0.20283600000000002,0.25381200000000004
1098,10.98,test_calibration,cal1,vicon,0.167693,0.213525,0.252297
1099,10.99,test_calibration,cal1,vicon,0.169798,0.223382,0.25047800000000003
1100,11.0,test_calibration,cal1,vicon,0.171322,0.23341900000000002,0.249129
1101,11.01,test_calibration,cal1,vicon,0.173569,0.24306899999999998,0.247227
1102,11.02,test_calibration,cal1,vicon,0.176437,0.25233,0.245203
1103,11.03,test_calibration,cal1,vicon,0.179485,0.261507,0.242769
1104,11.04,test_calibration,cal1,vicon,0.182969,0.269635,0.24017
1105,11.05,test_calibration,cal1,vicon,0.186238,0.277142,0.237317
1106,11.06,test_calibration,cal1,vicon,0.18949700000000003,0.283394,0.23421199999999998
1107,11.07,test_calibration,cal1,vicon,0.193153,0.288224,0.230013
1108,11.08,test_calibration,cal1,vicon,0.195933,0.292043,0.225515
1109,11.09,test_calibration,cal1,vicon,0.19841999999999999,0.29451,0.220061
1110,11.1,test_calibration,cal1,vicon,0.20015100000000002,0.295541,0.21431
1111,11.11,test_calibration,cal1,vicon,0.201141,0.295785,0.207364
1112,11.12,test_calibration,cal1,vicon,0.20156200000000002,0.29501499999999997,0.2005
1113,11.13,test_calibration,cal1,vicon,0.20158600000000002,0.29334899999999997,0.193152
1114,11.14,test_calibration,cal1,vicon,0.20086299999999999,0.291416,0.185821
1115,11.15,test_calibration,cal1,vicon,0.199741,0.289028,0.17829
1116,11.16,test_calibration,cal1,vicon,0.19759100000000002,0.286988,0.170763
1117,11.17,test_calibration,cal1,vicon,0.194952,0.28497,0.163509
1118,11.18,test_calibration,cal1,vicon,0.191371,0.282897,0.15607
1119,11.19,test_calibration,cal1,vicon,0.187499,0.281743,0.149455
1120,11.2,test_calibration,cal1,vicon,0.183274,0.281129,0.14302
1121,11.21,test_calibration,cal1,vicon,0.178941,0.281049,0.137017
1122,11.22,test_calibration,cal1,vicon,0.175253,0.281216,0.131314
1123,11.23,test_calibration,cal1,vicon,0.171867,0.28192399999999995,0.12596
1124,11.24,test_calibration,cal1,vicon,0.16900800000000002,0.283205,0.120886
1125,11.25,test_calibration,cal1,vicon,0.16734000000000002,0.284392,0.11540900000000001
1126,11.26,test_calibration,cal1,vicon,0.16604400000000002,0.28545800000000005,0.110121
1127,11.27,test_calibration,cal1,vicon,0.16553800000000002,0.286111,0.104674
1128,11.28,test_calibration,cal1,vicon,0.165212,0.286474,0.09903959999999999
1129,11.29,test_calibration,cal1,vicon,0.165546,0.285848,0.09305970000000001
1130,11.3,test_calibration,cal1,vicon,0.165859,0.28463499999999997,0.0871119
1131,11.31,test_calibration,cal1,vicon,0.166243,0.28293799999999997,0.0813136
1132,11.32,test_calibration,cal1,vicon,0.16702,0.281046,0.07554219999999999
1133,11.33,test_calibration,cal1,vicon,0.168159,0.279449,0.07048520000000001
1134,11.34,test_calibration,cal1,vicon,0.169608,0.278594,0.06587359999999999
1135,11.35,test_calibration,cal1,vicon,0.17139500000000002,0.27818200000000004,0.0614655
1136,11.36,test_calibration,cal1,vicon,0.172764,0.278663,0.057927599999999996
1137,11.37,test_calibration,cal1,vicon,0.173653,0.279489,0.0550118
1138,11.38,test_calibration,cal1,vicon,0.174406,0.280775,0.052225099999999997
1139,11.39,test_calibration,cal1,vicon,0.17472100000000002,0.28169,0.0504199
1140,11.4,test_calibration,cal1,vicon,0.174945,0.282981,0.0489847
1141,11.41,test_calibration,cal1,vicon,0.17488800000000002,0.28413499999999997,0.0480496
1142,11.42,test_calibration,cal1,vicon,0.174831,0.285537,0.047364699999999996
1143,11.43,test_calibration,cal1,vicon,0.174697,0.287273,0.047045699999999996
1144,11.44,test_calibration,cal1,vicon,0.17465199999999997,0.289105,0.0470065
1145,11.45,test_calibration,cal1,vicon,0.174595,0.291389,0.0472888
1146,11.46,test_calibration,cal1,vicon,0.174966,0.293646,0.04811
1147,11.47,test_calibration,cal1,vicon,0.175542,0.29612099999999997,0.0489645
1148,11.48,test_calibration,cal1,vicon,0.176587,0.29877800000000004,0.0502323
1149,11.49,test_calibration,cal1,vicon,0.177951,0.301616,0.0514765
1150,11.5,test_calibration,cal1,vicon,0.17954,0.30433699999999997,0.0533083
1151,11.51,test_calibration,cal1,vicon,0.181808,0.307094,0.054849800000000004
1152,11.52,test_calibration,cal1,vicon,0.18346,0.30988600000000005,0.056913899999999996
1153,11.53,test_calibration,cal1,vicon,0.185108,0.312444,0.0587061
1154,11.54,test_calibration,cal1,vicon,0.186386,0.315124,0.0605508
1155,11.55,test_calibration,cal1,vicon,0.187154,0.317467,0.062487900000000006
1156,11.56,test_calibration,cal1,vicon,0.18799100000000002,0.319612,0.064399
1157,11.57,test_calibration,cal1,vicon,0.188724,0.321485,0.0662217
1158,11.58,test_calibration,cal1,vicon,0.190262,0.323082,0.06792390000000001
1159,11.59,test_calibration,cal1,vicon,0.19183,0.32454,0.069727
1160,11.6,test_calibration,cal1,vicon,0.193221,0.326078,0.0713119
1161,11.61,test_calibration,cal1,vicon,0.194457,0.327446,0.0730901
1162,11.62,test_calibration,cal1,vicon,0.19577799999999998,0.32848200000000005,0.0747275
1163,11.63,test_calibration,cal1,vicon,0.196826,0.329489,0.0761721
1164,11.64,test_calibration,cal1,vicon,0.197535,0.33058,0.0775164
1165,11.65,test_calibration,cal1,vicon,0.19834000000000002,0.331613,0.0788637
1166,11.66,test_calibration,cal1,vicon,0.199352,0.33298,0.0799767
1167,11.67,test_calibration,cal1,vicon,0.20044800000000002,0.33428199999999997,0.081275
1168,11.68,test_calibration,cal1,vicon,0.20183,0.335291,0.0820963
1169,11.69,test_calibration,cal1,vicon,0.20304499999999998,0.336023,0.08271980000000001
1170,11.7,test_calibration,cal1,vicon,0.203959,0.336285,0.0831521
1171,11.71,test_calibration,cal1,vicon,0.20491499999999999,0.33575499999999997,0.0833431
1172,11.72,test_calibration,cal1,vicon,0.205767,0.334903,0.0832282
1173,11.73,test_calibration,cal1,vicon,0.206095,0.33425099999999996,0.0828729
1174,11.74,test_calibration,cal1,vicon,0.206307,0.33369299999999996,0.08245709999999999
1175,11.75,test_calibration,cal1,vicon,0.206415,0.33352699999999996,0.0818668
1176,11.76,test_calibration,cal1,vicon,0.20648,0.333512,0.08130929999999999
1177,11.77,test_calibration,cal1,vicon,0.206898,0.33396800000000004,0.0802032
1178,11.78,test_calibration,cal1,vicon,0.207277,0.33449,0.0789165
1179,11.79,test_calibration,cal1,vicon,0.207601,0.334608,0.0777161
1180,11.8,test_calibration,cal1,vicon,0.20806200000000002,0.334356,0.0758587
1181,11.81,test_calibration,cal1,vicon,0.208321,0.333762,0.07374720000000001
1182,11.82,test_calibration,cal1,vicon,0.208347,0.332656,0.0710479
1183,11.83,test_calibration,cal1,vicon,0.208316,0.331384,0.06800020000000001
1184,11.84,test_calibration,cal1,vicon,0.208153,0.330018,0.06444929999999999
1185,11.85,test_calibration,cal1,vicon,0.207854,0.328532,0.0608161
1186,11.86,test_calibration,cal1,vicon,0.207964,0.326916,0.056433500000000004
1187,11.87,test_calibration,cal1,vicon,0.208118,0.324995,0.0519027
1188,11.88,test_calibration,cal1,vicon,0.20858500000000002,0.322967,0.046465200000000005
1189,11.89,test_calibration,cal1,vicon,0.209845,0.320183,0.040283700000000006
1190,11.9,test_calibration,cal1,vicon,0.210702,0.317244,0.0334474
1191,11.91,test_calibration,cal1,vicon,0.21179699999999999,0.313416,0.0256643
1192,11.92,test_calibration,cal1,vicon,0.21195,0.30902300000000005,0.0171467
1193,11.93,test_calibration,cal1,vicon,0.212847,0.303449,0.007795219999999999
1194,11.94,test_calibration,cal1,vicon,0.212664,0.297311,-0.00195003
1195,11.95,test_calibration,cal1,vicon,0.213257,0.29304199999999997,-0.0109027
1196,11.96,test_calibration,cal1,vicon,0.213229,0.293057,-0.0104485
1197,11.97,test_calibration,cal1,vicon,0.213036,0.293002,-0.009224399999999999
1198,11.98,test_calibration,cal1,vicon,0.21311600000000003,0.292925,-0.008214869999999999
1199,11.99,test_calibration,cal1,vicon,0.213102,0.293573,-0.00737456
1200,12.0,test_calibration,cal1,vicon,0.213057,0.293602,-0.00787611
1201,12.01,test_calibration,cal1,vicon,0.21304499999999998,0.293674,-0.00888806
1202,12.02,test_calibration,cal1,vicon,0.213175,0.29427499999999995,-0.0100016
1203,12.03,test_calibration,cal1,vicon,0.213173,0.294293,-0.00996356
1204,12.04,test_calibration,cal1,vicon,0.213101,0.29412299999999997,-0.009684459999999999
1205,12.05,test_calibration,cal1,vicon,0.213033,0.294101,-0.0095724
1206,12.06,test_calibration,cal1,vicon,0.21302600000000002,0.294206,-0.0095514
1207,12.07,test_calibration,cal1,vicon,0.213024,0.29415600000000003,-0.00951598
1208,12.08,test_calibration,cal1,vicon,0.213073,0.294026,-0.009387069999999999
1209,12.09,test_calibration,cal1,vicon,0.213035,0.29388400000000003,-0.00912383
1210,12.1,test_calibration,cal1,vicon,0.212993,0.293753,-0.00874314
1211,12.11,test_calibration,cal1,vicon,0.213089,0.293774,-0.00844117
1212,12.12,test_calibration,cal1,vicon,0.21303999999999998,0.29369,-0.00772454
1213,12.13,test_calibration,cal1,vicon,0.213074,0.293755,-0.0069838800000000005
1214,12.14,test_calibration,cal1,vicon,0.21306899999999998,0.293925,-0.00612348
1215,12.15,test_calibration,cal1,vicon,0.213073,0.293281,-0.0038214
1216,12.16,test_calibration,cal1,vicon,0.21325999999999998,0.29341300000000003,-0.00209852
1217,12.17,test_calibration,cal1,vicon,0.213344,0.29357799999999995,0.000347587
1218,12.18,test_calibration,cal1,vicon,0.213594,0.293919,0.0032160799999999996
1219,12.19,test_calibration,cal1,vicon,0.213772,0.294608,0.0068562399999999996
1220,12.2,test_calibration,cal1,vicon,0.214278,0.29569,0.010340799999999999
1221,12.21,test_calibration,cal1,vicon,0.21421,0.297154,0.014675200000000001
1222,12.22,test_calibration,cal1,vicon,0.214478,0.298674,0.0188946
1223,12.23,test_calibration,cal1,vicon,0.214144,0.30062900000000004,0.023077200000000003
1224,12.24,test_calibration,cal1,vicon,0.21358600000000003,0.30224900000000005,0.028007400000000002
1225,12.25,test_calibration,cal1,vicon,0.21320599999999998,0.304293,0.0324345
1226,12.26,test_calibration,cal1,vicon,0.21323699999999998,0.306409,0.0372535
1227,12.27,test_calibration,cal1,vicon,0.213409,0.308718,0.0421473
1228,12.28,test_calibration,cal1,vicon,0.214089,0.311321,0.0468097
1229,12.29,test_calibration,cal1,vicon,0.214977,0.31399900000000003,0.0519307
1230,12.3,test_calibration,cal1,vicon,0.216252,0.316492,0.056808199999999996
1231,12.31,test_calibration,cal1,vicon,0.21803899999999998,0.318581,0.061347
1232,12.32,test_calibration,cal1,vicon,0.22034,0.320266,0.06597929999999999
1233,12.33,test_calibration,cal1,vicon,0.222693,0.32162599999999997,0.0703389
1234,12.34,test_calibration,cal1,vicon,0.22504400000000002,0.322709,0.0747151
1235,12.35,test_calibration,cal1,vicon,0.227448,0.32363400000000003,0.07880960000000001
1236,12.36,test_calibration,cal1,vicon,0.2293,0.324772,0.0830201
1237,12.37,test_calibration,cal1,vicon,0.231447,0.32585899999999995,0.087035
1238,12.38,test_calibration,cal1,vicon,0.232887,0.327339,0.0908282
1239,12.39,test_calibration,cal1,vicon,0.234391,0.328745,0.0944714
1240,12.4,test_calibration,cal1,vicon,0.236016,0.329961,0.0980081
1241,12.41,test_calibration,cal1,vicon,0.236998,0.331401,0.10127
1242,12.42,test_calibration,cal1,vicon,0.237701,0.332639,0.104574
1243,12.43,test_calibration,cal1,vicon,0.238453,0.334018,0.107257
1244,12.44,test_calibration,cal1,vicon,0.23893899999999998,0.33516199999999996,0.109874
1245,12.45,test_calibration,cal1,vicon,0.239431,0.336166,0.112416
1246,12.46,test_calibration,cal1,vicon,0.239818,0.337252,0.114298
1247,12.47,test_calibration,cal1,vicon,0.240267,0.338089,0.116009
1248,12.48,test_calibration,cal1,vicon,0.24056899999999998,0.338676,0.11727
1249,12.49,test_calibration,cal1,vicon,0.240957,0.339223,0.11812099999999999
1250,12.5,test_calibration,cal1,vicon,0.241186,0.33939299999999994,0.11886
1251,12.51,test_calibration,cal1,vicon,0.24140299999999998,0.339306,0.119228
1252,12.52,test_calibration,cal1,vicon,0.241591,0.339219,0.119302
1253,12.53,test_calibration,cal1,vicon,0.241674,0.339089,0.11906
1254,12.54,test_calibration,cal1,vicon,0.241845,0.33894799999999997,0.118409
1255,12.55,test_calibration,cal1,vicon,0.241922,0.338589,0.11762099999999999
1256,12.56,test_calibration,cal1,vicon,0.241899,0.338341,0.116353
1257,12.57,test_calibration,cal1,vicon,0.241768,0.337666,0.11505
1258,12.58,test_calibration,cal1,vicon,0.24145599999999998,0.336952,0.11319199999999999
1259,12.59,test_calibration,cal1,vicon,0.241112,0.335878,0.111038
1260,12.6,test_calibration,cal1,vicon,0.240395,0.334741,0.108651
1261,12.61,test_calibration,cal1,vicon,0.23967,0.33335899999999996,0.105878
1262,12.62,test_calibration,cal1,vicon,0.23887799999999998,0.331816,0.102975
1263,12.63,test_calibration,cal1,vicon,0.23816900000000002,0.330033,0.099912
1264,12.64,test_calibration,cal1,vicon,0.237357,0.328233,0.0966421
1265,12.65,test_calibration,cal1,vicon,0.236839,0.326293,0.0927937
1266,12.66,test_calibration,cal1,vicon,0.236357,0.324078,0.0890494
1267,12.67,test_calibration,cal1,vicon,0.23615199999999997,0.321855,0.08493869999999999
1268,12.68,test_calibration,cal1,vicon,0.236148,0.319181,0.08088809999999999
1269,12.69,test_calibration,cal1,vicon,0.236237,0.316743,0.0761212
1270,12.7,test_calibration,cal1,vicon,0.23599,0.314154,0.0715133
1271,12.71,test_calibration,cal1,vicon,0.235913,0.31168599999999996,0.06649550000000001
1272,12.72,test_calibration,cal1,vicon,0.23591800000000002,0.30927899999999997,0.060870600000000004
1273,12.73,test_calibration,cal1,vicon,0.235609,0.306701,0.0549847
1274,12.74,test_calibration,cal1,vicon,0.235784,0.303844,0.0486517
1275,12.75,test_calibration,cal1,vicon,0.235933,0.300863,0.041976
1276,12.76,test_calibration,cal1,vicon,0.236079,0.297974,0.0345233
1277,12.77,test_calibration,cal1,vicon,0.235822,0.294602,0.0267697
1278,12.78,test_calibration,cal1,vicon,0.235735,0.29068900000000003,0.0182838
1279,12.79,test_calibration,cal1,vicon,0.23575800000000002,0.285353,0.00968978
1280,12.8,test_calibration,cal1,vicon,0.234956,0.27941699999999997,0.00100435
1281,12.81,test_calibration,cal1,vicon,0.234048,0.272462,-0.00773715
1282,12.82,test_calibration,cal1,vicon,0.234314,0.271161,-0.0102335
1283,12.83,test_calibration,cal1,vicon,0.234183,0.271026,-0.009712070000000001
1284,12.84,test_calibration,cal1,vicon,0.234377,0.271766,-0.00895965
1285,12.85,test_calibration,cal1,vicon,0.233808,0.272256,-0.00791254
1286,12.86,test_calibration,cal1,vicon,0.233442,0.272534,-0.0072907
1287,12.87,test_calibration,cal1,vicon,0.233454,0.272505,-0.0072564000000000005
1288,12.88,test_calibration,cal1,vicon,0.234068,0.27259300000000003,-0.00746059
1289,12.89,test_calibration,cal1,vicon,0.234405,0.272444,-0.00800874
1290,12.9,test_calibration,cal1,vicon,0.234572,0.27224400000000004,-0.00874702
1291,12.91,test_calibration,cal1,vicon,0.234604,0.27198300000000003,-0.00876265
1292,12.92,test_calibration,cal1,vicon,0.23455199999999998,0.27219600000000005,-0.0087829
1293,12.93,test_calibration,cal1,vicon,0.23457499999999998,0.27225099999999997,-0.008154759999999999
1294,12.94,test_calibration,cal1,vicon,0.234233,0.272098,-0.0064623499999999995
1295,12.95,test_calibration,cal1,vicon,0.234287,0.271667,-0.00438597
1296,12.96,test_calibration,cal1,vicon,0.23411,0.27159300000000003,-0.0015763700000000001
1297,12.97,test_calibration,cal1,vicon,0.234178,0.27217899999999995,0.00154988
1298,12.98,test_calibration,cal1,vicon,0.234093,0.273148,0.00597044
1299,12.99,test_calibration,cal1,vicon,0.234004,0.27502499999999996,0.0107356
1300,13.0,test_calibration,cal1,vicon,0.23447800000000002,0.277643,0.0158339
1301,13.01,test_calibration,cal1,vicon,0.234692,0.280663,0.0219058
1302,13.02,test_calibration,cal1,vicon,0.23501,0.284238,0.0281939
1303,13.03,test_calibration,cal1,vicon,0.23474899999999999,0.28776100000000004,0.0350103
1304,13.04,test_calibration,cal1,vicon,0.234069,0.29137599999999997,0.042225700000000005
1305,13.05,test_calibration,cal1,vicon,0.23317500000000002,0.295043,0.0494217
1306,13.06,test_calibration,cal1,vicon,0.23172900000000002,0.298979,0.0570744
1307,13.07,test_calibration,cal1,vicon,0.230054,0.303807,0.0649669
1308,13.08,test_calibration,cal1,vicon,0.229048,0.308898,0.072849
1309,13.09,test_calibration,cal1,vicon,0.228405,0.314427,0.08099590000000001
1310,13.1,test_calibration,cal1,vicon,0.227868,0.319986,0.0893539
1311,13.11,test_calibration,cal1,vicon,0.22759700000000002,0.32514699999999996,0.0978074
1312,13.12,test_calibration,cal1,vicon,0.22728700000000002,0.329983,0.106171
1313,13.13,test_calibration,cal1,vicon,0.22712700000000002,0.334149,0.114372
1314,13.14,test_calibration,cal1,vicon,0.2271,0.338205,0.12251300000000001
1315,13.15,test_calibration,cal1,vicon,0.227656,0.342041,0.13044
1316,13.16,test_calibration,cal1,vicon,0.228502,0.346412,0.137935
1317,13.17,test_calibration,cal1,vicon,0.22962100000000002,0.350578,0.145565
1318,13.18,test_calibration,cal1,vicon,0.23137,0.354615,0.152442
1319,13.19,test_calibration,cal1,vicon,0.232847,0.357989,0.159154
1320,13.2,test_calibration,cal1,vicon,0.23447,0.360713,0.16487100000000002
1321,13.21,test_calibration,cal1,vicon,0.236243,0.362508,0.170148
1322,13.22,test_calibration,cal1,vicon,0.237744,0.36453199999999997,0.175874
1323,13.23,test_calibration,cal1,vicon,0.238715,0.365616,0.18043700000000001
1324,13.24,test_calibration,cal1,vicon,0.240406,0.366267,0.183673
1325,13.25,test_calibration,cal1,vicon,0.24107699999999999,0.367096,0.187129
1326,13.26,test_calibration,cal1,vicon,0.24173599999999998,0.367954,0.189659
1327,13.27,test_calibration,cal1,vicon,0.241938,0.368603,0.192031
1328,13.28,test_calibration,cal1,vicon,0.241784,0.369419,0.193927
1329,13.29,test_calibration,cal1,vicon,0.241689,0.37020800000000004,0.194832
1330,13.3,test_calibration,cal1,vicon,0.24046199999999998,0.371236,0.196095
1331,13.31,test_calibration,cal1,vicon,0.239354,0.372197,0.196577
1332,13.32,test_calibration,cal1,vicon,0.238196,0.373116,0.196737
1333,13.33,test_calibration,cal1,vicon,0.23654499999999998,0.37422500000000003,0.196689
1334,13.34,test_calibration,cal1,vicon,0.23488599999999998,0.375282,0.196385
1335,13.35,test_calibration,cal1,vicon,0.233286,0.37594,0.1956
1336,13.36,test_calibration,cal1,vicon,0.23138,0.376547,0.194792
1337,13.37,test_calibration,cal1,vicon,0.230237,0.376701,0.192766
1338,13.38,test_calibration,cal1,vicon,0.228116,0.376888,0.191159
1339,13.39,test_calibration,cal1,vicon,0.226859,0.376282,0.188884
1340,13.4,test_calibration,cal1,vicon,0.225782,0.375576,0.18601499999999999
1341,13.41,test_calibration,cal1,vicon,0.224593,0.374614,0.183365
1342,13.42,test_calibration,cal1,vicon,0.22379400000000002,0.372863,0.179519
1343,13.43,test_calibration,cal1,vicon,0.223579,0.37138099999999996,0.175898
1344,13.44,test_calibration,cal1,vicon,0.224082,0.369575,0.171609
1345,13.45,test_calibration,cal1,vicon,0.22436699999999998,0.367778,0.16718
1346,13.46,test_calibration,cal1,vicon,0.224555,0.365805,0.162658
1347,13.47,test_calibration,cal1,vicon,0.22482400000000002,0.363905,0.157609
1348,13.48,test_calibration,cal1,vicon,0.22509200000000001,0.36179,0.15232099999999998
1349,13.49,test_calibration,cal1,vicon,0.225649,0.359812,0.14665999999999998
1350,13.5,test_calibration,cal1,vicon,0.22603800000000002,0.357664,0.141107
1351,13.51,test_calibration,cal1,vicon,0.226041,0.35575599999999996,0.135183
1352,13.52,test_calibration,cal1,vicon,0.225939,0.353734,0.12903
1353,13.53,test_calibration,cal1,vicon,0.225976,0.351379,0.122533
1354,13.54,test_calibration,cal1,vicon,0.22570099999999998,0.34885700000000003,0.11594
1355,13.55,test_calibration,cal1,vicon,0.22522399999999998,0.346351,0.109124
1356,13.56,test_calibration,cal1,vicon,0.224624,0.343696,0.101994
1357,13.57,test_calibration,cal1,vicon,0.223903,0.341186,0.0947933
1358,13.58,test_calibration,cal1,vicon,0.223188,0.33893799999999996,0.0874535
1359,13.59,test_calibration,cal1,vicon,0.222531,0.336659,0.0797079
1360,13.6,test_calibration,cal1,vicon,0.221864,0.33451299999999995,0.0716764
1361,13.61,test_calibration,cal1,vicon,0.221056,0.332202,0.0631631
1362,13.62,test_calibration,cal1,vicon,0.220213,0.329231,0.0544526
1363,13.63,test_calibration,cal1,vicon,0.218982,0.32605700000000004,0.045158000000000004
1364,13.64,test_calibration,cal1,vicon,0.217685,0.321801,0.035549199999999996
1365,13.65,test_calibration,cal1,vicon,0.216532,0.316742,0.0254529
1366,13.66,test_calibration,cal1,vicon,0.21514,0.31043200000000004,0.0151411
1367,13.67,test_calibration,cal1,vicon,0.214149,0.302768,0.00484544
1368,13.68,test_calibration,cal1,vicon,0.213612,0.29312,-0.00612926
1369,13.69,test_calibration,cal1,vicon,0.212894,0.290933,-0.0102394
1370,13.7,test_calibration,cal1,vicon,0.212949,0.290872,-0.00990284
1371,13.71,test_calibration,cal1,vicon,0.213164,0.29150400000000004,-0.00899046
1372,13.72,test_calibration,cal1,vicon,0.213568,0.291325,-0.00772779
1373,13.73,test_calibration,cal1,vicon,0.213673,0.291967,-0.0061357
1374,13.74,test_calibration,cal1,vicon,0.213645,0.29233600000000004,-0.00519484
1375,13.75,test_calibration,cal1,vicon,0.214916,0.292673,-0.00425072
1376,13.76,test_calibration,cal1,vicon,0.217919,0.293813,-0.00362992
1377,13.77,test_calibration,cal1,vicon,0.221649,0.29556099999999996,-0.0029173800000000002
1378,13.78,test_calibration,cal1,vicon,0.226382,0.29644600000000004,-0.0024407
1379,13.79,test_calibration,cal1,vicon,0.23078700000000002,0.296431,-0.00119717
1380,13.8,test_calibration,cal1,vicon,0.235754,0.295054,0.000385785
1381,13.81,test_calibration,cal1,vicon,0.239875,0.293723,0.00240107
1382,13.82,test_calibration,cal1,vicon,0.24331,0.29235099999999997,0.004992910000000001
1383,13.83,test_calibration,cal1,vicon,0.24596600000000002,0.291259,0.00826754
1384,13.84,test_calibration,cal1,vicon,0.246983,0.291539,0.0120632
1385,13.85,test_calibration,cal1,vicon,0.247535,0.292627,0.0163793
1386,13.86,test_calibration,cal1,vicon,0.247332,0.29479700000000003,0.0213205
1387,13.87,test_calibration,cal1,vicon,0.24735300000000002,0.297743,0.0264384
1388,13.88,test_calibration,cal1,vicon,0.247117,0.302133,0.0319485
1389,13.89,test_calibration,cal1,vicon,0.247035,0.307195,0.0380625
1390,13.9,test_calibration,cal1,vicon,0.247483,0.312824,0.0440522
1391,13.91,test_calibration,cal1,vicon,0.247317,0.318719,0.0508448
1392,13.92,test_calibration,cal1,vicon,0.247698,0.324159,0.0574099
1393,13.93,test_calibration,cal1,vicon,0.247178,0.329292,0.0641786
1394,13.94,test_calibration,cal1,vicon,0.246689,0.33377300000000004,0.0712907
1395,13.95,test_calibration,cal1,vicon,0.245908,0.338343,0.0778456
1396,13.96,test_calibration,cal1,vicon,0.24520599999999998,0.3421,0.0847679
1397,13.97,test_calibration,cal1,vicon,0.24400899999999998,0.346169,0.0915083
1398,13.98,test_calibration,cal1,vicon,0.243191,0.34977600000000003,0.09804449999999999
1399,13.99,test_calibration,cal1,vicon,0.241975,0.353222,0.104817
1400,14.0,test_calibration,cal1,vicon,0.241401,0.356422,0.111124
1401,14.01,test_calibration,cal1,vicon,0.240425,0.359643,0.11740600000000001
1402,14.02,test_calibration,cal1,vicon,0.239952,0.36258100000000004,0.123418
1403,14.03,test_calibration,cal1,vicon,0.239565,0.36519799999999997,0.129278
1404,14.04,test_calibration,cal1,vicon,0.23904499999999998,0.36781200000000003,0.134911
1405,14.05,test_calibration,cal1,vicon,0.238792,0.37011700000000003,0.140321
1406,14.06,test_calibration,cal1,vicon,0.238643,0.371815,0.14556
1407,14.07,test_calibration,cal1,vicon,0.23846799999999999,0.37341599999999997,0.150447
1408,14.08,test_calibration,cal1,vicon,0.238339,0.374635,0.154859
1409,14.09,test_calibration,cal1,vicon,0.238217,0.375261,0.158888
1410,14.1,test_calibration,cal1,vicon,0.23790199999999997,0.375844,0.162614
1411,14.11,test_calibration,cal1,vicon,0.237426,0.376337,0.16619399999999998
1412,14.12,test_calibration,cal1,vicon,0.23690199999999997,0.377304,0.16923
1413,14.13,test_calibration,cal1,vicon,0.23669800000000002,0.379199,0.173245
1414,14.14,test_calibration,cal1,vicon,0.236493,0.38043299999999997,0.175611
1415,14.15,test_calibration,cal1,vicon,0.23640899999999998,0.381527,0.17818199999999998
1416,14.16,test_calibration,cal1,vicon,0.236547,0.382464,0.179718
1417,14.17,test_calibration,cal1,vicon,0.236557,0.383242,0.181067
1418,14.18,test_calibration,cal1,vicon,0.23666399999999999,0.383493,0.181768
1419,14.19,test_calibration,cal1,vicon,0.236567,0.38338099999999997,0.181771
1420,14.2,test_calibration,cal1,vicon,0.236103,0.382919,0.181672
1421,14.21,test_calibration,cal1,vicon,0.235601,0.382274,0.180958
1422,14.22,test_calibration,cal1,vicon,0.23548,0.381498,0.17971
1423,14.23,test_calibration,cal1,vicon,0.235095,0.380699,0.178257
1424,14.24,test_calibration,cal1,vicon,0.234859,0.379699,0.176457
1425,14.25,test_calibration,cal1,vicon,0.234512,0.378876,0.17369800000000002
1426,14.26,test_calibration,cal1,vicon,0.234291,0.377521,0.170798
1427,14.27,test_calibration,cal1,vicon,0.233824,0.375969,0.16706800000000002
1428,14.28,test_calibration,cal1,vicon,0.233375,0.373174,0.16227799999999998
1429,14.29,test_calibration,cal1,vicon,0.232805,0.371276,0.157885
1430,14.3,test_calibration,cal1,vicon,0.232323,0.368778,0.15315199999999998
1431,14.31,test_calibration,cal1,vicon,0.231789,0.366073,0.147881
1432,14.32,test_calibration,cal1,vicon,0.231078,0.363119,0.142647
1433,14.33,test_calibration,cal1,vicon,0.23058099999999998,0.36019,0.137048
1434,14.34,test_calibration,cal1,vicon,0.229847,0.35710000000000003,0.131114
1435,14.35,test_calibration,cal1,vicon,0.229166,0.353891,0.124965
1436,14.36,test_calibration,cal1,vicon,0.228128,0.350614,0.118658
1437,14.37,test_calibration,cal1,vicon,0.22697900000000001,0.34697100000000003,0.112298
1438,14.38,test_calibration,cal1,vicon,0.226015,0.343189,0.105468
1439,14.39,test_calibration,cal1,vicon,0.22478299999999998,0.33942700000000003,0.0989221
1440,14.4,test_calibration,cal1,vicon,0.223986,0.335681,0.0917659
1441,14.41,test_calibration,cal1,vicon,0.223084,0.332115,0.0849079
1442,14.42,test_calibration,cal1,vicon,0.222349,0.328698,0.0780223
1443,14.43,test_calibration,cal1,vicon,0.221841,0.325558,0.0707999
1444,14.44,test_calibration,cal1,vicon,0.22140600000000002,0.322357,0.0636027
1445,14.45,test_calibration,cal1,vicon,0.221143,0.318992,0.0563371
1446,14.46,test_calibration,cal1,vicon,0.221609,0.315233,0.0487353
1447,14.47,test_calibration,cal1,vicon,0.222023,0.311198,0.041125999999999996
1448,14.48,test_calibration,cal1,vicon,0.222227,0.306899,0.033400599999999996
1449,14.49,test_calibration,cal1,vicon,0.22259299999999999,0.302141,0.0252079
1450,14.5,test_calibration,cal1,vicon,0.22234,0.29749400000000004,0.0167621
1451,14.51,test_calibration,cal1,vicon,0.221943,0.29217000000000004,0.00838941
1452,14.52,test_calibration,cal1,vicon,0.221172,0.286614,-0.000611877
1453,14.53,test_calibration,cal1,vicon,0.220312,0.281262,-0.00941461
1454,14.54,test_calibration,cal1,vicon,0.220277,0.281646,-0.0101192
1455,14.55,test_calibration,cal1,vicon,0.220172,0.281574,-0.0100625
1456,14.56,test_calibration,cal1,vicon,0.22063999999999998,0.281494,-0.00930019
1457,14.57,test_calibration,cal1,vicon,0.220309,0.28251600000000004,-0.0083937
1458,14.58,test_calibration,cal1,vicon,0.220252,0.282361,-0.0077748999999999995
1459,14.59,test_calibration,cal1,vicon,0.220466,0.282678,-0.008135529999999998
1460,14.6,test_calibration,cal1,vicon,0.22071700000000002,0.282421,-0.00819995
1461,14.61,test_calibration,cal1,vicon,0.220751,0.282412,-0.0083711
1462,14.62,test_calibration,cal1,vicon,0.220798,0.282355,-0.00849154
1463,14.63,test_calibration,cal1,vicon,0.220887,0.282325,-0.00837977
1464,14.64,test_calibration,cal1,vicon,0.221226,0.282429,-0.0077884700000000005
1465,14.65,test_calibration,cal1,vicon,0.22134299999999998,0.282481,-0.006324740000000001
1466,14.66,test_calibration,cal1,vicon,0.221857,0.282906,-0.00443759
1467,14.67,test_calibration,cal1,vicon,0.22342099999999998,0.283806,-0.00227033
1468,14.68,test_calibration,cal1,vicon,0.225103,0.284719,0.00037858399999999995
1469,14.69,test_calibration,cal1,vicon,0.225776,0.28582799999999997,0.00422022
1470,14.7,test_calibration,cal1,vicon,0.226496,0.287076,0.008118779999999999
1471,14.71,test_calibration,cal1,vicon,0.226666,0.28863,0.0123853
1472,14.72,test_calibration,cal1,vicon,0.22636099999999998,0.290397,0.0171969
1473,14.73,test_calibration,cal1,vicon,0.225843,0.292411,0.0225749
1474,14.74,test_calibration,cal1,vicon,0.22528499999999999,0.295,0.027930299999999998
1475,14.75,test_calibration,cal1,vicon,0.225036,0.297681,0.033776600000000004
1476,14.76,test_calibration,cal1,vicon,0.224845,0.300635,0.040027599999999997
1477,14.77,test_calibration,cal1,vicon,0.22465700000000002,0.303853,0.0464467
1478,14.78,test_calibration,cal1,vicon,0.224576,0.307589,0.0527887
1479,14.79,test_calibration,cal1,vicon,0.225018,0.311411,0.0591131
1480,14.8,test_calibration,cal1,vicon,0.22513399999999997,0.315336,0.0657491
1481,14.81,test_calibration,cal1,vicon,0.225605,0.31929700000000005,0.0721289
1482,14.82,test_calibration,cal1,vicon,0.225656,0.32325,0.07831489999999999
1483,14.83,test_calibration,cal1,vicon,0.226053,0.326629,0.08479439999999999
1484,14.84,test_calibration,cal1,vicon,0.226576,0.32994,0.09083100000000001
1485,14.85,test_calibration,cal1,vicon,0.22698400000000002,0.33285000000000003,0.0968347
1486,14.86,test_calibration,cal1,vicon,0.22731,0.335803,0.10278
1487,14.87,test_calibration,cal1,vicon,0.228055,0.33852,0.10848000000000001
1488,14.88,test_calibration,cal1,vicon,0.22873,0.341523,0.11393600000000001
1489,14.89,test_calibration,cal1,vicon,0.229506,0.34426100000000004,0.119358
1490,14.9,test_calibration,cal1,vicon,0.23055199999999998,0.34685000000000005,0.124364
1491,14.91,test_calibration,cal1,vicon,0.231375,0.349011,0.129083
1492,14.92,test_calibration,cal1,vicon,0.232118,0.350918,0.133464
1493,14.93,test_calibration,cal1,vicon,0.232652,0.352299,0.137549
1494,14.94,test_calibration,cal1,vicon,0.23278100000000002,0.35325,0.141441
1495,14.95,test_calibration,cal1,vicon,0.23271799999999998,0.353997,0.144904
1496,14.96,test_calibration,cal1,vicon,0.232725,0.354481,0.148096
1497,14.97,test_calibration,cal1,vicon,0.232505,0.355311,0.15084299999999998
1498,14.98,test_calibration,cal1,vicon,0.23233600000000001,0.35602999999999996,0.153564
1499,14.99,test_calibration,cal1,vicon,0.232369,0.35682600000000003,0.15601900000000002
1500,15.0,test_calibration,cal1,vicon,0.232147,0.35765199999999997,0.158108
1501,15.01,test_calibration,cal1,vicon,0.232127,0.358093,0.159739
1502,15.02,test_calibration,cal1,vicon,0.231881,0.35845299999999997,0.160993
1503,15.03,test_calibration,cal1,vicon,0.231676,0.358264,0.161906
1504,15.04,test_calibration,cal1,vicon,0.231233,0.35784699999999997,0.162721
1505,15.05,test_calibration,cal1,vicon,0.230825,0.357481,0.16282
1506,15.06,test_calibration,cal1,vicon,0.23049899999999998,0.357105,0.162626
1507,15.07,test_calibration,cal1,vicon,0.23021799999999998,0.356631,0.162192
1508,15.08,test_calibration,cal1,vicon,0.23013999999999998,0.356088,0.161466
1509,15.09,test_calibration,cal1,vicon,0.23018799999999998,0.355495,0.16041
1510,15.1,test_calibration,cal1,vicon,0.230403,0.354792,0.158649
1511,15.11,test_calibration,cal1,vicon,0.230447,0.353969,0.156755
1512,15.12,test_calibration,cal1,vicon,0.23038399999999998,0.3528,0.15454400000000001
1513,15.13,test_calibration,cal1,vicon,0.230399,0.351577,0.151744
1514,15.14,test_calibration,cal1,vicon,0.2302,0.350055,0.148612
1515,15.15,test_calibration,cal1,vicon,0.229847,0.348352,0.14535800000000001
1516,15.16,test_calibration,cal1,vicon,0.229618,0.346447,0.141373
1517,15.17,test_calibration,cal1,vicon,0.229131,0.344138,0.13753800000000002
1518,15.18,test_calibration,cal1,vicon,0.22864500000000001,0.34193,0.133116
1519,15.19,test_calibration,cal1,vicon,0.22783799999999998,0.33915300000000004,0.12886799999999998
1520,15.2,test_calibration,cal1,vicon,0.226986,0.336264,0.124263
1521,15.21,test_calibration,cal1,vicon,0.22590000000000002,0.33326100000000003,0.11929600000000001
1522,15.22,test_calibration,cal1,vicon,0.224412,0.330161,0.114482
1523,15.23,test_calibration,cal1,vicon,0.222904,0.327238,0.109281
1524,15.24,test_calibration,cal1,vicon,0.22116999999999998,0.324428,0.10392799999999999
1525,15.25,test_calibration,cal1,vicon,0.219394,0.321896,0.09863630000000001
1526,15.26,test_calibration,cal1,vicon,0.217705,0.31965,0.092771
1527,15.27,test_calibration,cal1,vicon,0.215772,0.317978,0.08663979999999999
1528,15.28,test_calibration,cal1,vicon,0.214171,0.316327,0.0802052
1529,15.29,test_calibration,cal1,vicon,0.212036,0.314932,0.07350190000000001
1530,15.3,test_calibration,cal1,vicon,0.210464,0.313025,0.0661053
1531,15.31,test_calibration,cal1,vicon,0.208541,0.311095,0.0579212
1532,15.32,test_calibration,cal1,vicon,0.20626,0.308165,0.0497669
1533,15.33,test_calibration,cal1,vicon,0.203852,0.304525,0.040766800000000006
1534,15.34,test_calibration,cal1,vicon,0.201222,0.29975999999999997,0.0313752
1535,15.35,test_calibration,cal1,vicon,0.198433,0.29455200000000004,0.0212104
1536,15.36,test_calibration,cal1,vicon,0.195928,0.28824900000000003,0.0107934
1537,15.37,test_calibration,cal1,vicon,0.193582,0.28096899999999997,-0.000201997
1538,15.38,test_calibration,cal1,vicon,0.191677,0.274639,-0.0106674
1539,15.39,test_calibration,cal1,vicon,0.191202,0.275074,-0.010754699999999999
1540,15.4,test_calibration,cal1,vicon,0.19128399999999998,0.27512000000000003,-0.010424899999999999
1541,15.41,test_calibration,cal1,vicon,0.192076,0.275172,-0.008481490000000001
1542,15.42,test_calibration,cal1,vicon,0.191537,0.27619499999999997,-0.00635143
1543,15.43,test_calibration,cal1,vicon,0.192115,0.276688,-0.0043522100000000005
1544,15.44,test_calibration,cal1,vicon,0.19315100000000002,0.277851,-0.00306255
1545,15.45,test_calibration,cal1,vicon,0.195329,0.27845299999999995,-0.00151965
1546,15.46,test_calibration,cal1,vicon,0.197795,0.27954,-0.000702418
1547,15.47,test_calibration,cal1,vicon,0.201463,0.280482,0.000867934
1548,15.48,test_calibration,cal1,vicon,0.205422,0.280764,0.0022578900000000002
1549,15.49,test_calibration,cal1,vicon,0.209513,0.280335,0.00397442
1550,15.5,test_calibration,cal1,vicon,0.213401,0.279108,0.00587778
1551,15.51,test_calibration,cal1,vicon,0.216538,0.277165,0.00889449
1552,15.52,test_calibration,cal1,vicon,0.218553,0.27505799999999997,0.0125449
1553,15.53,test_calibration,cal1,vicon,0.219785,0.273663,0.0160343
1554,15.54,test_calibration,cal1,vicon,0.220001,0.27314299999999997,0.020345600000000002
1555,15.55,test_calibration,cal1,vicon,0.219421,0.273767,0.0250229
1556,15.56,test_calibration,cal1,vicon,0.217806,0.275517,0.0298891
1557,15.57,test_calibration,cal1,vicon,0.215655,0.277517,0.0356986
1558,15.58,test_calibration,cal1,vicon,0.213374,0.28019499999999997,0.0418915
1559,15.59,test_calibration,cal1,vicon,0.21096600000000001,0.283218,0.0484616
1560,15.6,test_calibration,cal1,vicon,0.208884,0.286306,0.055492400000000004
1561,15.61,test_calibration,cal1,vicon,0.20688399999999998,0.28952100000000003,0.0629044
1562,15.62,test_calibration,cal1,vicon,0.205114,0.292569,0.0707673
1563,15.63,test_calibration,cal1,vicon,0.203685,0.294922,0.0789212
1564,15.64,test_calibration,cal1,vicon,0.202262,0.29740300000000003,0.08671179999999999
1565,15.65,test_calibration,cal1,vicon,0.20071899999999998,0.299177,0.0952548
1566,15.66,test_calibration,cal1,vicon,0.199382,0.300937,0.103405
1567,15.67,test_calibration,cal1,vicon,0.198012,0.302481,0.11153199999999999
1568,15.68,test_calibration,cal1,vicon,0.19655099999999998,0.30370199999999997,0.120029
1569,15.69,test_calibration,cal1,vicon,0.195374,0.30506599999999995,0.127923
1570,15.7,test_calibration,cal1,vicon,0.192799,0.30640300000000004,0.137314
1571,15.71,test_calibration,cal1,vicon,0.190744,0.307537,0.145784
1572,15.72,test_calibration,cal1,vicon,0.18926300000000001,0.308153,0.153806
1573,15.73,test_calibration,cal1,vicon,0.186827,0.309,0.162614
1574,15.74,test_calibration,cal1,vicon,0.184773,0.309145,0.170712
1575,15.75,test_calibration,cal1,vicon,0.182006,0.30938,0.17925200000000002
1576,15.76,test_calibration,cal1,vicon,0.178773,0.309367,0.187905
1577,15.77,test_calibration,cal1,vicon,0.175903,0.30898200000000003,0.196064
1578,15.78,test_calibration,cal1,vicon,0.172924,0.308348,0.20405099999999998
1579,15.79,test_calibration,cal1,vicon,0.169296,0.30778,0.21215799999999999
1580,15.8,test_calibration,cal1,vicon,0.165334,0.306338,0.219749
1581,15.81,test_calibration,cal1,vicon,0.161486,0.305508,0.228408
1582,15.82,test_calibration,cal1,vicon,0.157472,0.303935,0.23607499999999998
1583,15.83,test_calibration,cal1,vicon,0.1535,0.301046,0.24294200000000002
1584,15.84,test_calibration,cal1,vicon,0.14929599999999998,0.298363,0.250549
1585,15.85,test_calibration,cal1,vicon,0.14488399999999999,0.295104,0.257545
1586,15.86,test_calibration,cal1,vicon,0.14061600000000002,0.291888,0.26490800000000003
1587,15.87,test_calibration,cal1,vicon,0.136127,0.287496,0.27084600000000003
1588,15.88,test_calibration,cal1,vicon,0.131759,0.282857,0.27756200000000003
1589,15.89,test_calibration,cal1,vicon,0.127313,0.277521,0.283846
1590,15.9,test_calibration,cal1,vicon,0.123609,0.272049,0.28958999999999996
1591,15.91,test_calibration,cal1,vicon,0.119504,0.26510199999999995,0.29480599999999996
1592,15.92,test_calibration,cal1,vicon,0.116216,0.25810500000000003,0.299896
1593,15.93,test_calibration,cal1,vicon,0.112842,0.25055299999999997,0.304884
1594,15.94,test_calibration,cal1,vicon,0.10914700000000001,0.242054,0.30898200000000003
1595,15.95,test_calibration,cal1,vicon,0.105437,0.233627,0.313236
1596,15.96,test_calibration,cal1,vicon,0.101325,0.22512700000000002,0.317654
1597,15.97,test_calibration,cal1,vicon,0.0971752,0.216731,0.321835
1598,15.98,test_calibration,cal1,vicon,0.09267600000000001,0.207696,0.32539999999999997
1599,15.99,test_calibration,cal1,vicon,0.0880891,0.19872,0.32864699999999997
1600,16.0,test_calibration,cal1,vicon,0.083248,0.189849,0.33191000000000004
1601,16.01,test_calibration,cal1,vicon,0.0777084,0.180858,0.33499599999999996
1602,16.02,test_calibration,cal1,vicon,0.0718355,0.171798,0.337966
1603,16.03,test_calibration,cal1,vicon,0.0657168,0.16228399999999998,0.340579
1604,16.04,test_calibration,cal1,vicon,0.0594443,0.152979,0.343211
1605,16.05,test_calibration,cal1,vicon,0.0527514,0.14286000000000001,0.34513499999999997
1606,16.06,test_calibration,cal1,vicon,0.0453647,0.13293100000000002,0.346884
1607,16.07,test_calibration,cal1,vicon,0.0386078,0.12324299999999999,0.348879
1608,16.08,test_calibration,cal1,vicon,0.030829899999999997,0.112985,0.350798
1609,16.09,test_calibration,cal1,vicon,0.0232167,0.103147,0.351543
1610,16.1,test_calibration,cal1,vicon,0.0154502,0.0930429,0.352904
1611,16.11,test_calibration,cal1,vicon,0.00715237,0.0825162,0.35413799999999995
1612,16.12,test_calibration,cal1,vicon,-0.000828132,0.0719483,0.354691
1613,16.13,test_calibration,cal1,vicon,-0.00920612,0.0609837,0.35481999999999997
1614,16.14,test_calibration,cal1,vicon,-0.0178557,0.049448700000000005,0.355576
1615,16.15,test_calibration,cal1,vicon,-0.026541000000000002,0.038286099999999997,0.356264
1616,16.16,test_calibration,cal1,vicon,-0.035378900000000005,0.0257712,0.355348
1617,16.17,test_calibration,cal1,vicon,-0.0445333,0.013294,0.35591300000000003
1618,16.18,test_calibration,cal1,vicon,-0.053015099999999996,0.000296704,0.355243
1619,16.19,test_calibration,cal1,vicon,-0.0618682,-0.012072699999999999,0.355104
1620,16.2,test_calibration,cal1,vicon,-0.07054640000000001,-0.025624400000000002,0.353982
1621,16.21,test_calibration,cal1,vicon,-0.0796362,-0.0387003,0.353572
1622,16.22,test_calibration,cal1,vicon,-0.08796,-0.052021500000000005,0.35218900000000003
1623,16.23,test_calibration,cal1,vicon,-0.09773130000000001,-0.0648883,0.351982
1624,16.24,test_calibration,cal1,vicon,-0.107553,-0.0779256,0.351206
1625,16.25,test_calibration,cal1,vicon,-0.117085,-0.0912302,0.350207
1626,16.26,test_calibration,cal1,vicon,-0.126449,-0.104646,0.34911200000000003
1627,16.27,test_calibration,cal1,vicon,-0.13577,-0.118185,0.347845
1628,16.28,test_calibration,cal1,vicon,-0.145461,-0.13206800000000002,0.34677800000000003
1629,16.29,test_calibration,cal1,vicon,-0.155097,-0.146437,0.345808
1630,16.3,test_calibration,cal1,vicon,-0.164776,-0.16103800000000001,0.34459300000000004
1631,16.31,test_calibration,cal1,vicon,-0.174571,-0.175981,0.34362099999999995
1632,16.32,test_calibration,cal1,vicon,-0.183705,-0.191298,0.342118
1633,16.33,test_calibration,cal1,vicon,-0.193508,-0.206548,0.340961
1634,16.34,test_calibration,cal1,vicon,-0.203042,-0.22207,0.339955
1635,16.35,test_calibration,cal1,vicon,-0.212468,-0.237529,0.33854700000000004
1636,16.36,test_calibration,cal1,vicon,-0.221588,-0.252904,0.33690699999999996
1637,16.37,test_calibration,cal1,vicon,-0.23161,-0.26839999999999997,0.33649599999999996
1638,16.38,test_calibration,cal1,vicon,-0.241241,-0.283666,0.33521100000000004
1639,16.39,test_calibration,cal1,vicon,-0.249419,-0.29958300000000004,0.33357299999999995
